id,preco,area_m2,quartos,banheiros,vagas,bairro,tipo,condominio,iptu,endereco,titulo,link,coletado_em,preco_m2
2914838039,300000.0,59.0,2.0,1.0,0.0,Asa Sul,apartamento,R$ 359,isento,EQS 414/415,"Apartamento para comprar com 59 m², 2 quartos, 1 banheiro em Asa Sul, Brasília",https://www.vivareal.com.br/imovel/apartamento-2-quartos-asa-sul-bairros-brasilia-59m2-venda-RS300000-id-2914838039/,2026-09-30,5084.745762711865
2898681724,1800000.0,136.0,3.0,3.0,1.0,Asa Sul,apartamento,R$ 1.170,R$ 2.630,SQS 109 Bloco E,"Apartamento para comprar com 136 m², 3 quartos, 3 banheiros, 1 vaga em Asa Sul, Brasília",https://www.vivareal.com.br/imovel/apartamento-3-quartos-asa-sul-bairros-brasilia-com-garagem-136m2-venda-RS1800000-id-2898681724/,2026-09-30,13235.29411764706
2902478128,710000.0,54.0,2.0,1.0,0.0,Asa Sul,apartamento,R$ 500,isento,SQS 410 Bloco R,"Apartamento para comprar com 54 m², 2 quartos, 1 banheiro em Asa Sul, Brasília",https://www.vivareal.com.br/imovel/apartamento-2-quartos-asa-sul-bairros-brasilia-54m2-venda-RS710000-id-2902478128/,2026-09-30,13148.148148148148
2886677717,500000.0,116.0,3.0,3.0,0.0,Asa Sul,apartamento,isento,isento,SBS Quadra 2,"Apartamento mobiliado com varanda, 3 suítes e 3 dormitórios próximo ao Metrô Galeria para comprar em Asa Sul, Brasília",https://www.vivareal.com.br/imovel/apartamento-3-quartos-asa-sul-bairros-brasilia-116m2-venda-RS500000-id-2886677717/,2026-09-30,4310.3448275862065
2881428813,1150000.0,87.0,3.0,3.0,0.0,Asa Sul,apartamento,R$ 1.259,R$ 384,SQS 205 Bloco C,"Apartamento com 3 dormitórios, 1 suíte e 87 m² em condomínio com elevador e portaria 24h para comprar em Asa Sul, Brasília",https://www.vivareal.com.br/imovel/apartamento-3-quartos-asa-sul-bairros-brasilia-87m2-venda-RS1150000-id-2881428813/,2026-09-30,13218.3908045977
2836890236,650000.0,42.0,1.0,2.0,0.0,Asa Sul,apartamento,R$ 675,isento,CLS 205 Bloco B,"Apartamento para comprar com 42 m², 1 quarto, 2 banheiros em Asa Sul, Brasília",https://www.vivareal.com.br/imovel/apartamento-1-quartos-asa-sul-bairros-brasilia-42m2-venda-RS650000-id-2836890236/,2026-09-30,15476.190476190477
2913953936,1490000.0,133.0,3.0,4.0,0.0,Asa Sul,apartamento,R$ 1.498,R$ 2.510,SQS 305 Bloco F,"Apartamento para comprar com 133 m², 3 quartos, 4 banheiros em Asa Sul, Brasília",https://www.vivareal.com.br/imovel/apartamento-3-quartos-asa-sul-bairros-brasilia-133m2-venda-RS1490000-id-2913953936/,2026-09-30,11203.007518796992
2887918991,1290000.0,91.0,3.0,3.0,1.0,Asa Sul,apartamento,R$ 1.000,R$ 2.652,SQS 204 Bloco I,"Apartamento de 91 m² com 3 dormitórios e 3 banheiros para comprar em Asa Sul, Brasília",https://www.vivareal.com.br/imovel/apartamento-3-quartos-asa-sul-bairros-brasilia-com-garagem-91m2-venda-RS1290000-id-2887918991/,2026-09-30,14175.824175824177
2897150784,2050000.0,127.0,3.0,3.0,1.0,Asa Sul,apartamento,R$ 1.000,R$ 2.938,SQS 212 Bloco E,"Apartamento para comprar com 127 m², 3 quartos, 3 banheiros, 1 vaga em Asa Sul, Brasília",https://www.vivareal.com.br/imovel/apartamento-3-quartos-asa-sul-bairros-brasilia-com-garagem-127m2-venda-RS2050000-id-2897150784/,2026-09-30,16141.732283464567
2897150878,2080000.0,157.0,3.0,3.0,1.0,Asa Sul,apartamento,R$ 1.000,R$ 3.000,SQS 316 Bloco E,"Apartamento para comprar com 157 m², 3 quartos, 3 banheiros, 1 vaga em Asa Sul, Brasília",https://www.vivareal.com.br/imovel/apartamento-3-quartos-asa-sul-bairros-brasilia-com-garagem-157m2-venda-RS2080000-id-2897150878/,2026-09-30,13248.407643312103
2762733540,928936.0,57.0,2.0,2.0,1.0,Asa Sul,apartamento,isento,isento,SQS 414,"Apartamento com 2 dormitórios, 1 suíte, elevador no condomínio e 57 m² disponível para compra em Asa Sul, Brasília",https://www.vivareal.com.br/imovel/apartamento-2-quartos-asa-sul-bairros-brasilia-com-garagem-57m2-venda-RS928936-id-2762733540/,2026-09-30,16297.122807017544
2879945099,390000.0,35.0,1.0,1.0,1.0,Asa Sul,apartamento,R$ 620,R$ 133,SEPS 713/913,"Apartamento com 35 m², 1 dormitório e elevador no condomínio disponível para compra em Asa Sul, Brasília",https://www.vivareal.com.br/imovel/apartamento-1-quartos-asa-sul-bairros-brasilia-com-garagem-35m2-venda-RS390000-id-2879945099/,2026-09-30,11142.857142857143
2875884622,849000.0,87.0,3.0,2.0,0.0,Asa Sul,apartamento,isento,isento,SQS 410 Bloco M,"Apartamento com 3 dormitórios, 87 m², aceita pets e 2 banheiros para comprar em Asa Sul, Brasília",https://www.vivareal.com.br/imovel/apartamento-3-quartos-asa-sul-bairros-brasilia-87m2-venda-RS849000-id-2875884622/,2026-09-30,9758.620689655172
2872640080,1570000.0,90.0,3.0,3.0,1.0,Asa Sul,apartamento,R$ 1.200,R$ 2.855,SQS 204,"Apartamento com elevador no condomínio, aceita animais e 3 dormitórios disponível para compra em Asa Sul, Brasília",https://www.vivareal.com.br/imovel/apartamento-3-quartos-asa-sul-bairros-brasilia-com-garagem-90m2-venda-RS1570000-id-2872640080/,2026-09-30,17444.444444444445
2821614226,1289000.0,102.0,2.0,2.0,1.0,Asa Sul,apartamento,isento,isento,EQS 414/415,"Apartamento com elevador no condomínio, 2 dormitórios e 1 suíte para comprar em Asa Sul, Brasília",https://www.vivareal.com.br/imovel/apartamento-2-quartos-asa-sul-bairros-brasilia-com-garagem-102m2-venda-RS1289000-id-2821614226/,2026-09-30,12637.254901960785
2909546942,1230000.0,119.0,3.0,3.0,0.0,Asa Sul,apartamento,R$ 950,R$ 1.240,SQS 402 Bloco O,"Apartamento para comprar com 119 m², 3 quartos, 3 banheiros em Asa Sul, Brasília",https://www.vivareal.com.br/imovel/apartamento-3-quartos-asa-sul-bairros-brasilia-119m2-venda-RS1230000-id-2909546942/,2026-09-30,10336.134453781513
2878278485,1570000.0,91.0,3.0,3.0,1.0,Asa Sul,apartamento,R$ 1.200,isento,Endereço não informado,"Apartamento de 91 m² com 3 dormitórios, 1 suíte e 1 vaga na garagem para comprar em Asa Sul, Brasília",https://www.vivareal.com.br/imovel/apartamento-3-quartos-asa-sul-bairros-brasilia-com-garagem-91m2-venda-RS1570000-id-2878278485/,2026-09-30,17252.747252747253
2820357236,928920.0,57.0,2.0,2.0,1.0,Asa Sul,apartamento,isento,isento,EQS 414/415,"Apartamento com 2 dormitórios, 1 suíte, 57 m², condomínio com piscina e elevador para comprar em Asa Sul, Brasília",https://www.vivareal.com.br/imovel/apartamento-2-quartos-asa-sul-bairros-brasilia-com-garagem-57m2-venda-RS928920-id-2820357236/,2026-09-30,16296.842105263158
2889925578,1200000.0,90.0,2.0,2.0,0.0,Asa Sul,apartamento,isento,isento,SQS 108 Bloco D,"Apartamento de 90 m² com 2 dormitórios e portaria 24h no condomínio, disponível para compra perto do Metrô 106 Sul em Asa Sul, Brasília",https://www.vivareal.com.br/imovel/apartamento-2-quartos-asa-sul-bairros-brasilia-90m2-venda-RS1200000-id-2889925578/,2026-09-30,13333.333333333334
2912821976,1090000.0,60.0,2.0,2.0,0.0,Asa Sul,apartamento,R$ 1.191,R$ 1.891,SQS 312,"Apartamento para comprar com 60 m², 2 quartos, 2 banheiros em Asa Sul, Brasília",https://www.vivareal.com.br/imovel/apartamento-2-quartos-asa-sul-bairros-brasilia-60m2-venda-RS1090000-id-2912821976/,2026-09-30,18166.666666666668
2904887139,1258000.0,124.0,3.0,3.0,0.0,Asa Sul,apartamento,R$ 1.322,isento,SHIGS 714,"Apartamento para comprar com 124 m², 3 quartos, 3 banheiros em Asa Sul, Brasília",https://www.vivareal.com.br/imovel/apartamento-3-quartos-asa-sul-bairros-brasilia-124m2-venda-RS1258000-id-2904887139/,2026-09-30,10145.161290322581
2913926883,700000.0,48.0,1.0,1.0,1.0,Asa Sul,apartamento,R$ 1.004,R$ 2.224,SCES Trecho 4,"Apartamento para comprar com 48 m², 1 quarto, 1 banheiro, 1 vaga em Asa Sul, Brasília",https://www.vivareal.com.br/imovel/apartamento-1-quartos-asa-sul-bairros-brasilia-com-garagem-48m2-venda-RS700000-id-2913926883/,2026-09-30,14583.333333333334
2907172023,1100000.0,119.0,3.0,3.0,0.0,Asa Sul,apartamento,R$ 900,R$ 2.224,SQS 402,"Apartamento para comprar com 119 m², 3 quartos, 3 banheiros em Asa Sul, Brasília",https://www.vivareal.com.br/imovel/apartamento-3-quartos-asa-sul-bairros-brasilia-119m2-venda-RS1100000-id-2907172023/,2026-09-30,9243.697478991597
2885653594,927150.0,57.0,2.0,2.0,1.0,Asa Sul,apartamento,isento,isento,SMAS Trecho 3 Lote 7,"Apartamento com piscina no condomínio, 2 dormitórios e elevador disponível para compra em Setores Complementares, Brasília",https://www.vivareal.com.br/imovel/apartamento-2-quartos-asa-sul-bairros-brasilia-com-garagem-57m2-venda-RS927150-id-2885653594/,2026-09-30,16265.78947368421
2899174503,410000.0,27.0,1.0,1.0,0.0,Asa Sul,apartamento,isento,isento,SGAS 905,"Kitnet/Conjugado para comprar com 27 m², 1 quarto, 1 banheiro em Asa Sul, Brasília",https://www.vivareal.com.br/imovel/kitnet-1-quartos-asa-sul-bairros-brasilia-27m2-venda-RS410000-id-2899174503/,2026-09-30,15185.185185185184
2766024614,928900.0,57.0,2.0,2.0,1.0,Asa Sul,apartamento,isento,isento,SQS 414,"Apartamento com piscina no condomínio, 2 dormitórios e elevador disponível para compra em Asa Sul, Brasília",https://www.vivareal.com.br/imovel/apartamento-2-quartos-asa-sul-bairros-brasilia-com-garagem-57m2-venda-RS928900-id-2766024614/,2026-09-30,16296.491228070176
2775818921,1600000.0,125.0,3.0,2.0,1.0,Asa Sul,apartamento,R$ 1.465,R$ 2.564,SQS 206 Bloco K,"Apartamento de 125 m² com 3 dormitórios, 1 suíte e garagem disponível para compra em Asa Sul, Brasília",https://www.vivareal.com.br/imovel/apartamento-3-quartos-asa-sul-bairros-brasilia-com-garagem-125m2-venda-RS1600000-id-2775818921/,2026-09-30,12800.0
2821619341,1419000.0,106.0,2.0,2.0,1.0,Asa Sul,apartamento,isento,isento,EQS 414/415,"Apartamento com 2 dormitórios, 1 suíte, varanda e elevador no condomínio disponível para compra em Asa Sul, Brasília",https://www.vivareal.com.br/imovel/apartamento-2-quartos-asa-sul-bairros-brasilia-com-garagem-106m2-venda-RS1419000-id-2821619341/,2026-09-30,13386.792452830188
2766267726,928939.0,57.0,2.0,2.0,1.0,Asa Sul,apartamento,isento,isento,SQS 414,"Apartamento com piscina no condomínio, 2 dormitórios e elevador disponível para compra em Asa Sul, Brasília",https://www.vivareal.com.br/imovel/apartamento-2-quartos-asa-sul-bairros-brasilia-com-garagem-57m2-venda-RS928939-id-2766267726/,2026-09-30,16297.17543859649
2881878686,2050000.0,124.0,3.0,3.0,1.0,Asa Sul,apartamento,R$ 1.000,R$ 2.938,SQS 212,"Apartamento com elevador no condomínio, aceita animais e 3 dormitórios disponível para compra em Asa Sul, Brasília",https://www.vivareal.com.br/imovel/apartamento-3-quartos-asa-sul-bairros-brasilia-com-garagem-124m2-venda-RS2050000-id-2881878686/,2026-09-30,16532.25806451613
2904663245,1580000.0,112.0,3.0,3.0,1.0,Asa Sul,apartamento,isento,isento,SQS 102 Bloco J,"Apartamento para comprar com 112 m², 3 quartos, 3 banheiros, 1 vaga em Asa Sul, Brasília",https://www.vivareal.com.br/imovel/apartamento-3-quartos-asa-sul-bairros-brasilia-com-garagem-112m2-venda-RS1580000-id-2904663245/,2026-09-30,14107.142857142857
2911545921,469000.0,50.0,2.0,1.0,0.0,Asa Sul,apartamento,R$ 504,R$ 2.333,SEPS 705/905,"Apartamento para comprar com 50 m², 2 quartos, 1 banheiro em Asa Sul, Brasília",https://www.vivareal.com.br/imovel/apartamento-2-quartos-asa-sul-bairros-brasilia-50m2-venda-RS469000-id-2911545921/,2026-09-30,9380.0
2759819444,928931.0,57.0,2.0,2.0,1.0,Asa Sul,apartamento,isento,isento,SQS 414,"Apartamento com piscina no condomínio, 2 dormitórios e elevador disponível para compra em Asa Sul, Brasília",https://www.vivareal.com.br/imovel/apartamento-2-quartos-asa-sul-bairros-brasilia-com-garagem-57m2-venda-RS928931-id-2759819444/,2026-09-30,16297.035087719298
2912999828,650000.0,54.0,2.0,1.0,0.0,Asa Sul,apartamento,R$ 650,isento,SQS 415 Bloco J,"Apartamento para comprar com 54 m², 2 quartos, 1 banheiro em Asa Sul, Brasília",https://www.vivareal.com.br/imovel/apartamento-2-quartos-asa-sul-bairros-brasilia-54m2-venda-RS650000-id-2912999828/,2026-09-30,12037.037037037036
2875882158,790000.0,83.0,3.0,1.0,0.0,Asa Sul,apartamento,R$ 830,R$ 2.000,SQS 403 Bloco O,"Apartamento de 83 m² com 3 dormitórios, aceita pets e 1 banheiro para comprar em Asa Sul, Brasília",https://www.vivareal.com.br/imovel/apartamento-3-quartos-asa-sul-bairros-brasilia-83m2-venda-RS790000-id-2875882158/,2026-09-30,9518.072289156626
2878663884,730000.0,48.0,1.0,1.0,1.0,Asa Sul,apartamento,R$ 1.200,isento,Endereço não informado,"Apartamento com elevador no condomínio e varanda, 1 dormitório para comprar em Asa Sul, Brasília",https://www.vivareal.com.br/imovel/apartamento-1-quartos-asa-sul-bairros-brasilia-com-garagem-48m2-venda-RS730000-id-2878663884/,2026-09-30,15208.333333333334
2761249555,928937.0,57.0,2.0,2.0,1.0,Asa Sul,apartamento,isento,isento,SQS 414,"Apartamento com piscina no condomínio, 2 dormitórios e elevador, disponível para compra em Asa Sul, Brasília",https://www.vivareal.com.br/imovel/apartamento-2-quartos-asa-sul-bairros-brasilia-com-garagem-57m2-venda-RS928937-id-2761249555/,2026-09-30,16297.140350877193
2912539737,1120000.0,65.0,2.0,2.0,0.0,Asa Sul,apartamento,R$ 780,isento,SQS 205,"Apartamento para comprar com 65 m², 2 quartos, 2 banheiros em Asa Sul, Brasília",https://www.vivareal.com.br/imovel/apartamento-2-quartos-asa-sul-bairros-brasilia-65m2-venda-RS1120000-id-2912539737/,2026-09-30,17230.76923076923
2898991675,795000.0,83.0,3.0,1.0,0.0,Asa Sul,apartamento,R$ 750,R$ 164,SQS 403 Bloco O,"Apartamento para comprar com 83 m², 3 quartos, 1 banheiro em Asa Sul, Brasília",https://www.vivareal.com.br/imovel/apartamento-3-quartos-asa-sul-bairros-brasilia-83m2-venda-RS795000-id-2898991675/,2026-09-30,9578.313253012047
2821599338,1959000.0,125.0,2.0,2.0,1.0,Asa Sul,apartamento,isento,isento,EQS 414/415,"Cobertura com elevador no condomínio e varanda, 2 dormitórios, disponível para compra em Asa Sul, Brasília",https://www.vivareal.com.br/imovel/cobertura-2-quartos-asa-sul-bairros-brasilia-com-garagem-125m2-venda-RS1959000-id-2821599338/,2026-09-30,15672.0
2864021296,2100000.0,151.0,2.0,1.0,1.0,Asa Sul,apartamento,R$ 1.500,isento,SQS 106 Bloco B,"Apartamento com 1 suíte, 2 dormitórios, 151 m² e 1 vaga para comprar em Asa Sul, Brasília",https://www.vivareal.com.br/imovel/apartamento-2-quartos-asa-sul-bairros-brasilia-com-garagem-151m2-venda-RS2100000-id-2864021296/,2026-09-30,13907.28476821192
2902074377,950000.0,80.0,3.0,1.0,0.0,Asa Sul,apartamento,R$ 900,isento,SQS 404,"Apartamento para comprar com 80 m², 3 quartos, 1 banheiro em Asa Sul, Brasília",https://www.vivareal.com.br/imovel/apartamento-3-quartos-asa-sul-bairros-brasilia-80m2-venda-RS950000-id-2902074377/,2026-09-30,11875.0
2893860202,2200000.0,127.0,3.0,3.0,1.0,Asa Sul,apartamento,R$ 1.000,R$ 1.900,SQS 212,"Apartamento de 127 m² com 3 dormitórios, 1 suíte e 3 banheiros, disponível para venda em condomínio com elevador e portaria 24h em Asa Sul, Brasília",https://www.vivareal.com.br/imovel/apartamento-3-quartos-asa-sul-bairros-brasilia-com-garagem-127m2-venda-RS2200000-id-2893860202/,2026-09-30,17322.834645669293
2904921694,345000.0,28.0,1.0,1.0,1.0,Asa Sul,apartamento,R$ 308,R$ 90,SGAS 905,"Apartamento para comprar com 28 m², 1 quarto, 1 banheiro, 1 vaga em Asa Sul, Brasília",https://www.vivareal.com.br/imovel/apartamento-1-quartos-asa-sul-bairros-brasilia-com-garagem-28m2-venda-RS345000-id-2904921694/,2026-09-30,12321.42857142857
2890452884,370000.0,26.0,1.0,1.0,1.0,Asa Norte,apartamento,R$ 390,R$ 1.030,SGAN 911,"Apartamento à venda com 1 quarto, 1 banheiro, 26 m², 1 vaga, condomínio com elevador e aceita animais em Asa Norte, Brasília",https://www.vivareal.com.br/imovel/apartamento-1-quartos-asa-norte-bairros-brasilia-com-garagem-26m2-venda-RS370000-id-2890452884/,2026-09-30,14230.76923076923
2913698481,710000.0,42.0,1.0,1.0,1.0,Asa Norte,apartamento,isento,isento,SCLRN 703,"Flat para comprar com 42 m², 1 quarto, 1 banheiro, 1 vaga em Asa Norte, Brasília",https://www.vivareal.com.br/imovel/flat-1-quartos-asa-norte-bairros-brasilia-com-garagem-42m2-venda-RS710000-id-2913698481/,2026-09-30,16904.761904761905
2912627441,315000.0,28.0,1.0,1.0,0.0,Asa Norte,apartamento,R$ 350,isento,STN,"Studio para comprar com 28 m², 1 quarto, 1 banheiro em Asa Norte, Brasília",https://www.vivareal.com.br/imovel/apartamento-1-quartos-asa-norte-bairros-brasilia-28m2-venda-RS315000-id-2912627441/,2026-09-30,11250.0
2914478837,1550000.0,119.0,3.0,4.0,1.0,Asa Norte,apartamento,R$ 1.400,R$ 1.900,SQN 313 Bloco E,"Apartamento para comprar com 119 m², 3 quartos, 4 banheiros, 1 vaga em Asa Norte, Brasília",https://www.vivareal.com.br/imovel/apartamento-3-quartos-asa-norte-bairros-brasilia-com-garagem-119m2-venda-RS1550000-id-2914478837/,2026-09-30,13025.210084033613
2914290073,415000.0,38.0,1.0,1.0,0.0,Asa Norte,apartamento,isento,isento,SCRN 714/715 Bloco A,"Apartamento para comprar com 38 m², 1 quarto, 1 banheiro em Asa Norte, Brasília",https://www.vivareal.com.br/imovel/apartamento-1-quartos-asa-norte-bairros-brasilia-38m2-venda-RS415000-id-2914290073/,2026-09-30,10921.052631578947
2914706542,790000.0,60.0,2.0,2.0,0.0,Asa Norte,apartamento,isento,isento,SQN 314,"Apartamento para comprar com 60 m², 2 quartos, 2 banheiros em Asa Norte, Brasília",https://www.vivareal.com.br/imovel/apartamento-2-quartos-asa-norte-bairros-brasilia-60m2-venda-RS790000-id-2914706542/,2026-09-30,13166.666666666666
2912013014,1395000.0,100.0,3.0,3.0,1.0,Asa Norte,apartamento,R$ 1.200,R$ 2.629,SQN 316,"Apartamento para comprar com 100 m², 3 quartos, 3 banheiros, 1 vaga em Asa Norte, Brasília",https://www.vivareal.com.br/imovel/apartamento-3-quartos-asa-norte-bairros-brasilia-com-garagem-100m2-venda-RS1395000-id-2912013014/,2026-09-30,13950.0
2913955164,440000.0,42.0,1.0,1.0,0.0,Asa Norte,apartamento,R$ 300,R$ 72,SCRN 708/709 Bloco G,"Apartamento para comprar com 42 m², 1 quarto, 1 banheiro em Asa Norte, Brasília",https://www.vivareal.com.br/imovel/apartamento-1-quartos-asa-norte-bairros-brasilia-42m2-venda-RS440000-id-2913955164/,2026-09-30,10476.190476190477
2906762919,2140000.0,136.0,3.0,3.0,1.0,Asa Norte,apartamento,R$ 1.525,R$ 2.599,SQN 111 Bloco I,"Apartamento para comprar com 136 m², 3 quartos, 3 banheiros, 1 vaga em Asa Norte, Brasília",https://www.vivareal.com.br/imovel/apartamento-3-quartos-asa-norte-bairros-brasilia-com-garagem-136m2-venda-RS2140000-id-2906762919/,2026-09-30,15735.29411764706
2841877132,567000.0,38.0,1.0,1.0,1.0,Asa Norte,apartamento,isento,isento,SHN Quadra 1,"Flat com varanda para locação, 38 m² com 1 dormitório e 1 banheiro em Asa Norte, Brasília",https://www.vivareal.com.br/imovel/flat-1-quartos-asa-norte-bairros-brasilia-com-garagem-38m2-venda-RS567000-id-2841877132/,2026-09-30,14921.052631578947
2880640173,320000.0,28.0,1.0,1.0,1.0,Asa Norte,apartamento,R$ 456,R$ 389,SGAN 912,"Apartamento com 1 suíte e 28 m² disponível para compra em Asa Norte, Brasília",https://www.vivareal.com.br/imovel/apartamento-1-quartos-asa-norte-bairros-brasilia-com-garagem-28m2-venda-RS320000-id-2880640173/,2026-09-30,11428.57142857143
2914283563,439000.0,32.0,1.0,1.0,0.0,Asa Norte,apartamento,isento,isento,SHN Quadra,"Apartamento para comprar com 32 m², 1 quarto, 1 banheiro em Asa Norte, Brasília",https://www.vivareal.com.br/imovel/apartamento-1-quartos-asa-norte-bairros-brasilia-32m2-venda-RS439000-id-2914283563/,2026-09-30,13718.75
2881908735,2080000.0,130.0,3.0,4.0,2.0,Asa Norte,apartamento,R$ 1.891,R$ 2.596,SQN 208 Bloco G,"Apartamento com elevador no condomínio, piscina, 3 dormitórios e 2 suítes disponível para compra em Asa Norte, Brasília",https://www.vivareal.com.br/imovel/apartamento-3-quartos-asa-norte-bairros-brasilia-com-garagem-130m2-venda-RS2080000-id-2881908735/,2026-09-30,16000.0
2900374591,1350000.0,95.0,3.0,3.0,1.0,Asa Norte,apartamento,R$ 1.050,R$ 428,SQN 209 Bloco F,"Apartamento para comprar com 95 m², 3 quartos, 3 banheiros, 1 vaga em Asa Norte, Brasília",https://www.vivareal.com.br/imovel/apartamento-3-quartos-asa-norte-bairros-brasilia-com-garagem-95m2-venda-RS1350000-id-2900374591/,2026-09-30,14210.526315789473
2910802613,800000.0,78.0,3.0,2.0,0.0,Asa Norte,apartamento,R$ 600,isento,SQN 405 Bloco G,"Apartamento para comprar com 78 m², 3 quartos, 2 banheiros em Asa Norte, Brasília",https://www.vivareal.com.br/imovel/apartamento-3-quartos-asa-norte-bairros-brasilia-78m2-venda-RS800000-id-2910802613/,2026-09-30,10256.410256410256
2899278783,760000.0,64.0,2.0,2.0,0.0,Asa Norte,apartamento,R$ 650,isento,SQN 409 Bloco K,"Apartamento para comprar com 64 m², 2 quartos, 2 banheiros em Asa Norte, Brasília",https://www.vivareal.com.br/imovel/apartamento-2-quartos-asa-norte-bairros-brasilia-64m2-venda-RS760000-id-2899278783/,2026-09-30,11875.0
2508498897,1300000.0,112.0,3.0,2.0,0.0,Asa Norte,apartamento,R$ 1.200,R$ 1.720,SQN 107 Bloco G,"Apartamento de 112 m² com 3 dormitórios e condomínio com portaria 24h para comprar em Asa Norte, Brasília",https://www.vivareal.com.br/imovel/apartamento-3-quartos-asa-norte-bairros-brasilia-112m2-venda-RS1300000-id-2508498897/,2026-09-30,11607.142857142857
2877045122,1490000.0,112.0,3.0,2.0,1.0,Asa Norte,apartamento,R$ 1.200,R$ 2.713,SQN 305,"Apartamento com elevador e portaria 24h horas, 3 dormitórios e 1 suíte para comprar em Asa Norte, Brasília",https://www.vivareal.com.br/imovel/apartamento-3-quartos-asa-norte-bairros-brasilia-com-garagem-112m2-venda-RS1490000-id-2877045122/,2026-09-30,13303.57142857143
2909419319,2190000.0,135.0,3.0,3.0,1.0,Asa Norte,apartamento,R$ 900,R$ 1.050,SQN 111,"Apartamento para comprar com 135 m², 3 quartos, 3 banheiros, 1 vaga em Asa Norte, Brasília",https://www.vivareal.com.br/imovel/apartamento-3-quartos-asa-norte-bairros-brasilia-com-garagem-135m2-venda-RS2190000-id-2909419319/,2026-09-30,16222.222222222223
2883924580,1490000.0,118.0,2.0,3.0,1.0,Asa Norte,apartamento,R$ 1.100,isento,SQN 313 Bloco E,"Apartamento para comprar com 118 m², 2 quartos, 3 banheiros, 1 vaga em Asa Norte, Brasília",https://www.vivareal.com.br/imovel/apartamento-2-quartos-asa-norte-bairros-brasilia-com-garagem-118m2-venda-RS1490000-id-2883924580/,2026-09-30,12627.118644067798
2906982641,1765000.0,134.0,3.0,3.0,1.0,Asa Norte,apartamento,R$ 1.300,R$ 2.504,SQN 304 Bloco F,"Apartamento para comprar com 134 m², 3 quartos, 3 banheiros, 1 vaga em Asa Norte, Brasília",https://www.vivareal.com.br/imovel/apartamento-3-quartos-asa-norte-bairros-brasilia-com-garagem-134m2-venda-RS1765000-id-2906982641/,2026-09-30,13171.641791044776
2880767889,1290000.0,85.0,2.0,3.0,1.0,Asa Norte,apartamento,R$ 1.200,R$ 1.893,SQN 109 Bloco M,"Apartamento com elevador no condomínio, aceita animais e 2 dormitórios disponível para compra em Asa Norte, Brasília",https://www.vivareal.com.br/imovel/apartamento-2-quartos-asa-norte-bairros-brasilia-com-garagem-85m2-venda-RS1290000-id-2880767889/,2026-09-30,15176.470588235294
2901467622,299000.0,36.0,1.0,1.0,0.0,Asa Norte,apartamento,R$ 441,R$ 690,SCRN 714/715 Bloco E,"Apartamento para comprar com 36 m², 1 quarto, 1 banheiro em Asa Norte, Brasília",https://www.vivareal.com.br/imovel/apartamento-1-quartos-asa-norte-bairros-brasilia-36m2-venda-RS299000-id-2901467622/,2026-09-30,8305.555555555555
2910324119,1195000.0,98.0,3.0,3.0,1.0,Asa Norte,apartamento,R$ 1.080,R$ 2.135,SQN 211 Bloco D,"Apartamento para comprar com 98 m², 3 quartos, 3 banheiros, 1 vaga em Asa Norte, Brasília",https://www.vivareal.com.br/imovel/apartamento-3-quartos-asa-norte-bairros-brasilia-com-garagem-98m2-venda-RS1195000-id-2910324119/,2026-09-30,12193.877551020409
2890799089,2150000.0,127.0,3.0,3.0,2.0,Asa Norte,apartamento,R$ 1.299,R$ 2.654,SQN 208 Bloco K,"Apartamento com 3 dormitórios, 2 suítes e aceita animais, disponível para compra em Asa Norte, Brasília",https://www.vivareal.com.br/imovel/apartamento-3-quartos-asa-norte-bairros-brasilia-com-garagem-127m2-venda-RS2150000-id-2890799089/,2026-09-30,16929.133858267716
2906856361,480000.0,32.0,1.0,1.0,1.0,Asa Norte,apartamento,isento,isento,SHN Quadra 1 Bloco F,"Apartamento para comprar com 32 m², 1 quarto, 1 banheiro, 1 vaga em Asa Norte, Brasília",https://www.vivareal.com.br/imovel/apartamento-1-quartos-asa-norte-bairros-brasilia-com-garagem-32m2-venda-RS480000-id-2906856361/,2026-09-30,15000.0
2899533682,610000.0,31.0,1.0,1.0,2.0,Asa Norte,apartamento,R$ 680,R$ 1.000,SHTN Trecho 2 Lote 3,"Apartamento para comprar com 31 m², 1 quarto, 1 banheiro, 2 vagas em Asa Norte, Brasília",https://www.vivareal.com.br/imovel/apartamento-1-quartos-asa-norte-bairros-brasilia-com-garagem-31m2-venda-RS610000-id-2899533682/,2026-09-30,19677.41935483871
2897587878,330000.0,26.0,1.0,1.0,1.0,Asa Norte,apartamento,R$ 420,R$ 90,SGAN 912,"Kitnet/Conjugado para comprar com 26 m², 1 quarto, 1 banheiro, 1 vaga em Asa Norte, Brasília",https://www.vivareal.com.br/imovel/kitnet-1-quartos-asa-norte-bairros-brasilia-com-garagem-26m2-venda-RS330000-id-2897587878/,2026-09-30,12692.307692307691
2912381218,1830000.0,123.0,3.0,3.0,1.0,Asa Norte,apartamento,isento,isento,SQN 215 Bloco C,"Apartamento para comprar com 123 m², 3 quartos, 3 banheiros, 1 vaga em Asa Norte, Brasília",https://www.vivareal.com.br/imovel/apartamento-3-quartos-asa-norte-bairros-brasilia-com-garagem-123m2-venda-RS1830000-id-2912381218/,2026-09-30,14878.048780487805
2865572161,1500000.0,140.0,4.0,3.0,2.0,Asa Norte,apartamento,R$ 2.265,R$ 2.131,SHCGN 704,"Apartamento com elevador no condomínio e varanda, 4 dormitórios para comprar em Asa Norte, Brasília",https://www.vivareal.com.br/imovel/apartamento-4-quartos-asa-norte-bairros-brasilia-com-garagem-140m2-venda-RS1500000-id-2865572161/,2026-09-30,10714.285714285714
2906181822,1765000.0,122.0,3.0,2.0,1.0,Asa Norte,apartamento,R$ 1.350,R$ 2.941,SQN 307 Bloco D,"Apartamento para comprar com 122 m², 3 quartos, 2 banheiros, 1 vaga em Asa Norte, Brasília",https://www.vivareal.com.br/imovel/apartamento-3-quartos-asa-norte-bairros-brasilia-com-garagem-122m2-venda-RS1765000-id-2906181822/,2026-09-30,14467.213114754099
2906718348,380000.0,50.0,2.0,2.0,0.0,Asa Norte,apartamento,isento,isento,SCLRN 714 Bloco C,"Apartamento para comprar com 50 m², 2 quartos, 2 banheiros em Asa Norte, Brasília",https://www.vivareal.com.br/imovel/apartamento-2-quartos-asa-norte-bairros-brasilia-50m2-venda-RS380000-id-2906718348/,2026-09-30,7600.0
2912818020,920000.0,70.0,2.0,2.0,1.0,Asa Norte,apartamento,R$ 700,isento,SHLN,"Apartamento para comprar com 70 m², 2 quartos, 2 banheiros, 1 vaga em Asa Norte, Brasília",https://www.vivareal.com.br/imovel/apartamento-2-quartos-asa-norte-bairros-brasilia-com-garagem-70m2-venda-RS920000-id-2912818020/,2026-09-30,13142.857142857143
2619602304,750000.0,51.0,1.0,1.0,0.0,Asa Norte,apartamento,isento,isento,SHTN,"Flat mobiliado de 51 m² com piscina no condomínio, disponível para compra em Asa Norte, Brasília",https://www.vivareal.com.br/imovel/flat-1-quartos-asa-norte-bairros-brasilia-51m2-venda-RS750000-id-2619602304/,2026-09-30,14705.882352941177
2886530481,1850000.0,139.0,4.0,3.0,1.0,Asa Norte,apartamento,R$ 1.570,R$ 3.196,SQN 314,"Apartamento com elevador no condomínio, aceita animais e 4 dormitórios para comprar em Asa Norte, Brasília",https://www.vivareal.com.br/imovel/apartamento-4-quartos-asa-norte-bairros-brasilia-com-garagem-139m2-venda-RS1850000-id-2886530481/,2026-09-30,13309.352517985611
2911206127,1270000.0,81.0,2.0,3.0,1.0,Asa Norte,apartamento,R$ 960,R$ 359,SQN 309 Bloco K,"Apartamento para comprar com 81 m², 2 quartos, 3 banheiros, 1 vaga em Asa Norte, Brasília",https://www.vivareal.com.br/imovel/apartamento-2-quartos-asa-norte-bairros-brasilia-com-garagem-81m2-venda-RS1270000-id-2911206127/,2026-09-30,15679.012345679012
2876558400,890000.0,64.0,1.0,2.0,0.0,Asa Norte,apartamento,isento,isento,SHN Quadra 1 Bloco D,"Apartamento com elevador no condomínio e varanda, 1 dormitório disponível para compra em Asa Norte, Brasília",https://www.vivareal.com.br/imovel/apartamento-1-quartos-asa-norte-bairros-brasilia-64m2-venda-RS890000-id-2876558400/,2026-09-30,13906.25
2804644415,1380000.0,129.0,4.0,3.0,1.0,Asa Norte,apartamento,R$ 1.533,R$ 2.029,SQN 215,"Apartamento com elevador no condomínio e varanda, 4 dormitórios para comprar em Asa Norte, Brasília",https://www.vivareal.com.br/imovel/apartamento-4-quartos-asa-norte-bairros-brasilia-com-garagem-129m2-venda-RS1380000-id-2804644415/,2026-09-30,10697.67441860465
2878462591,1820000.0,110.0,3.0,3.0,1.0,Asa Norte,apartamento,R$ 1.040,R$ 1.602,SQN 111,"Apartamento com elevador no condomínio e varanda, 3 dormitórios e 1 suíte para comprar em Asa Norte, Brasília",https://www.vivareal.com.br/imovel/apartamento-3-quartos-asa-norte-bairros-brasilia-com-garagem-110m2-venda-RS1820000-id-2878462591/,2026-09-30,16545.454545454544
2912537828,1370000.0,98.0,3.0,2.0,1.0,Asa Norte,apartamento,R$ 900,isento,SQN 314,"Apartamento para comprar com 98 m², 3 quartos, 2 banheiros, 1 vaga em Asa Norte, Brasília",https://www.vivareal.com.br/imovel/apartamento-3-quartos-asa-norte-bairros-brasilia-com-garagem-98m2-venda-RS1370000-id-2912537828/,2026-09-30,13979.591836734693
2864021194,1700000.0,93.0,3.0,2.0,2.0,Asa Norte,apartamento,R$ 890,R$ 3.588,SQN 110 Bloco C,"Apartamento mobiliado, aceita animais com 3 dormitórios e 1 suíte para comprar em Asa Norte, Brasília",https://www.vivareal.com.br/imovel/apartamento-3-quartos-asa-norte-bairros-brasilia-com-garagem-93m2-venda-RS1700000-id-2864021194/,2026-09-30,18279.56989247312
2896809696,700000.0,47.0,2.0,1.0,0.0,Asa Norte,apartamento,R$ 805,R$ 600,SHCGN 716,"Apartamento para comprar com 47 m², 2 quartos, 1 banheiro em Asa Norte, Brasília",https://www.vivareal.com.br/imovel/apartamento-2-quartos-asa-norte-bairros-brasilia-47m2-venda-RS700000-id-2896809696/,2026-09-30,14893.617021276596
2838353432,490000.0,37.0,1.0,1.0,1.0,Asa Norte,apartamento,isento,isento,SHTN Trecho 1,"Apartamento com portaria 24h no condomínio, 1 dormitório e 1 suíte para comprar em Asa Norte, Brasília",https://www.vivareal.com.br/imovel/apartamento-1-quartos-asa-norte-bairros-brasilia-com-garagem-37m2-venda-RS490000-id-2838353432/,2026-09-30,13243.243243243243
2899279179,285000.0,31.0,1.0,1.0,0.0,Asa Norte,apartamento,R$ 314,R$ 132,CLN 212 Bloco A,"Kitnet/Conjugado para comprar com 31 m², 1 quarto, 1 banheiro em Asa Norte, Brasília",https://www.vivareal.com.br/imovel/kitnet-1-quartos-asa-norte-bairros-brasilia-31m2-venda-RS285000-id-2899279179/,2026-09-30,9193.548387096775
2906972532,1750000.0,123.0,3.0,3.0,1.0,Asa Norte,apartamento,R$ 1.361,R$ 2.391,SQN 210 Bloco C,"Apartamento para comprar com 123 m², 3 quartos, 3 banheiros, 1 vaga em Asa Norte, Brasília",https://www.vivareal.com.br/imovel/apartamento-3-quartos-asa-norte-bairros-brasilia-com-garagem-123m2-venda-RS1750000-id-2906972532/,2026-09-30,14227.642276422765
2794248759,1100000.0,95.0,3.0,2.0,0.0,Asa Norte,apartamento,R$ 590,R$ 195,SQN 411,"Apartamento com 3 dormitórios, 1 suíte e 95 metros quadrados para comprar em Asa Norte, Brasília",https://www.vivareal.com.br/imovel/apartamento-3-quartos-asa-norte-bairros-brasilia-95m2-venda-RS1100000-id-2794248759/,2026-09-30,11578.947368421053
2909885339,635000.0,34.0,1.0,1.0,1.0,Asa Norte,apartamento,R$ 794,R$ 1.002,SHTN Trecho 2 Lote 3,"Apartamento para comprar com 34 m², 1 quarto, 1 banheiro, 1 vaga em Asa Norte, Brasília",https://www.vivareal.com.br/imovel/apartamento-1-quartos-asa-norte-bairros-brasilia-com-garagem-34m2-venda-RS635000-id-2909885339/,2026-09-30,18676.470588235294
2879988284,1390000.0,84.0,2.0,3.0,1.0,Asa Norte,apartamento,R$ 900,R$ 2.000,SQN 214 Bloco G,"Apartamento com 2 dormitórios, 1 suíte e 84 m² disponível para compra em Asa Norte, Brasília",https://www.vivareal.com.br/imovel/apartamento-2-quartos-asa-norte-bairros-brasilia-com-garagem-84m2-venda-RS1390000-id-2879988284/,2026-09-30,16547.619047619046
2889956939,1590000.0,82.0,2.0,3.0,1.0,Noroeste,apartamento,isento,isento,CRNW 710 Lote C,"Apartamento com piscina e elevador no condomínio, 2 suítes e 82 m² para comprar em Setor Noroeste, Brasília",https://www.vivareal.com.br/imovel/apartamento-2-quartos-setor-noroeste-bairros-brasilia-com-garagem-82m2-venda-RS1590000-id-2889956939/,2026-09-30,19390.243902439026
2805317148,1789000.0,127.0,3.0,4.0,2.0,Noroeste,apartamento,R$ 1.250,R$ 3.397,SQNW 309 Bloco H,"Apartamento com piscina no condomínio, 3 dormitórios e elevador disponível para compra em Setor Noroeste, Brasília",https://www.vivareal.com.br/imovel/apartamento-3-quartos-setor-noroeste-bairros-brasilia-com-garagem-127m2-venda-RS1789000-id-2805317148/,2026-09-30,14086.614173228347
2902904599,3190000.0,164.0,3.0,5.0,3.0,Noroeste,apartamento,R$ 2.426,R$ 4.944,SQNW 106 Bloco I,"Apartamento para comprar com 164 m², 3 quartos, 5 banheiros, 3 vagas em Setor Noroeste, Brasília",https://www.vivareal.com.br/imovel/apartamento-3-quartos-setor-noroeste-bairros-brasilia-com-garagem-164m2-venda-RS3190000-id-2902904599/,2026-09-30,19451.219512195123
2900148797,548000.0,33.0,1.0,1.0,1.0,Noroeste,apartamento,isento,isento,CLNW 10/11 Lote E,"Apartamento para comprar com 33 m², 1 quarto, 1 banheiro, 1 vaga em Setor Noroeste, Brasília",https://www.vivareal.com.br/imovel/apartamento-1-quartos-setor-noroeste-bairros-brasilia-com-garagem-33m2-venda-RS548000-id-2900148797/,2026-09-30,16606.060606060608
2883655305,1520000.0,93.0,3.0,3.0,2.0,Noroeste,apartamento,R$ 912,R$ 279,SQNW 107,"Apartamento com piscina no condomínio, 3 dormitórios e elevador disponível para compra em Setor Noroeste, Brasília",https://www.vivareal.com.br/imovel/apartamento-3-quartos-setor-noroeste-bairros-brasilia-com-garagem-93m2-venda-RS1520000-id-2883655305/,2026-09-30,16344.086021505376
2881563973,1990000.0,123.0,2.0,3.0,2.0,Noroeste,apartamento,R$ 1.483,R$ 6.300,SQNW 103 Bloco C,"Apartamento com piscina no condomínio, 2 dormitórios e elevador disponível para compra em Setor Noroeste, Brasília",https://www.vivareal.com.br/imovel/apartamento-2-quartos-setor-noroeste-bairros-brasilia-com-garagem-123m2-venda-RS1990000-id-2881563973/,2026-09-30,16178.861788617885
2782401325,2090000.0,166.0,3.0,5.0,3.0,Noroeste,apartamento,R$ 1.907,R$ 363,Endereço não informado,"Apartamento com elevador no condomínio, 3 suítes e varanda para comprar em Setor Noroeste, Brasília",https://www.vivareal.com.br/imovel/apartamento-3-quartos-setor-noroeste-bairros-brasilia-com-garagem-166m2-venda-RS2090000-id-2782401325/,2026-09-30,12590.361445783132
2864020678,3040000.0,179.0,2.0,4.0,1.0,Noroeste,apartamento,R$ 1.430,R$ 5.707,SQNW 110 Bloco I,"Apartamento com piscina e academia no condomínio, 2 dormitórios e 2 suítes para comprar em Setor Noroeste, Brasília",https://www.vivareal.com.br/imovel/apartamento-2-quartos-setor-noroeste-bairros-brasilia-com-garagem-179m2-venda-RS3040000-id-2864020678/,2026-09-30,16983.240223463687
2901931219,1069000.0,83.0,1.0,1.0,2.0,Noroeste,apartamento,R$ 1.114,R$ 2.730,SQNW 311 Bloco C,"Apartamento para comprar com 83 m², 1 quarto, 1 banheiro, 2 vagas em Setor Noroeste, Brasília",https://www.vivareal.com.br/imovel/apartamento-1-quartos-setor-noroeste-bairros-brasilia-com-garagem-83m2-venda-RS1069000-id-2901931219/,2026-09-30,12879.518072289156
2912242607,565000.0,38.0,1.0,1.0,1.0,Noroeste,apartamento,isento,isento,CLNW 10/11 Lote D,"Apartamento para comprar com 38 m², 1 quarto, 1 banheiro, 1 vaga em Setor Noroeste, Brasília",https://www.vivareal.com.br/imovel/apartamento-1-quartos-setor-noroeste-bairros-brasilia-com-garagem-38m2-venda-RS565000-id-2912242607/,2026-09-30,14868.421052631578
2914176848,2450000.0,152.0,4.0,5.0,3.0,Noroeste,apartamento,R$ 1.841,R$ 400,Endereço não informado,"Apartamento para comprar com 152 m², 4 quartos, 5 banheiros, 3 vagas em Setor Noroeste, Brasília",https://www.vivareal.com.br/imovel/apartamento-4-quartos-setor-noroeste-bairros-brasilia-com-garagem-152m2-venda-RS2450000-id-2914176848/,2026-09-30,16118.421052631578
2898115375,1297000.0,67.0,2.0,2.0,1.0,Noroeste,apartamento,R$ 1.100,isento,SQNW 306 Bloco C,"Apartamento para comprar com 67 m², 2 quartos, 2 banheiros, 1 vaga em Setor Noroeste, Brasília",https://www.vivareal.com.br/imovel/apartamento-2-quartos-setor-noroeste-bairros-brasilia-com-garagem-67m2-venda-RS1297000-id-2898115375/,2026-09-30,19358.20895522388
2893921783,598000.0,39.0,1.0,1.0,1.0,Noroeste,apartamento,R$ 500,isento,CLNW 10/11,"Apartamento mobiliado com 1 suíte disponível para venda e aceita animais em Setor Noroeste, Brasília",https://www.vivareal.com.br/imovel/apartamento-1-quartos-setor-noroeste-bairros-brasilia-com-garagem-39m2-venda-RS598000-id-2893921783/,2026-09-30,15333.333333333334
2839490340,1900000.0,117.0,3.0,2.0,2.0,Noroeste,apartamento,R$ 1.500,R$ 1.000,SQNW 309 Bloco A,"Apartamento com elevador e piscina no condomínio, 3 dormitórios e 1 suíte para comprar em Setor Noroeste, Brasília",https://www.vivareal.com.br/imovel/apartamento-3-quartos-setor-noroeste-bairros-brasilia-com-garagem-117m2-venda-RS1900000-id-2839490340/,2026-09-30,16239.31623931624
2906760915,3120000.0,188.0,3.0,4.0,4.0,Noroeste,apartamento,R$ 1.780,R$ 7.600,SQNW 106,"Apartamento para comprar com 188 m², 3 quartos, 4 banheiros, 4 vagas em Setor Noroeste, Brasília",https://www.vivareal.com.br/imovel/apartamento-3-quartos-setor-noroeste-bairros-brasilia-com-garagem-188m2-venda-RS3120000-id-2906760915/,2026-09-30,16595.744680851065
2909488760,591000.0,38.0,1.0,1.0,1.0,Noroeste,apartamento,R$ 500,R$ 1.100,CLNW 10/11 Lote D,"Apartamento para comprar com 38 m², 1 quarto, 1 banheiro, 1 vaga em Setor Noroeste, Brasília",https://www.vivareal.com.br/imovel/apartamento-1-quartos-setor-noroeste-bairros-brasilia-com-garagem-38m2-venda-RS591000-id-2909488760/,2026-09-30,15552.631578947368
2837936314,620000.0,36.0,1.0,1.0,1.0,Noroeste,apartamento,isento,isento,Endereço não informado,"Apartamento com 1 suíte e 36 m² disponível para compra em Setor Noroeste, Brasília",https://www.vivareal.com.br/imovel/apartamento-1-quartos-setor-noroeste-bairros-brasilia-com-garagem-36m2-venda-RS620000-id-2837936314/,2026-09-30,17222.222222222223
2897338106,1980000.0,132.0,4.0,2.0,2.0,Noroeste,apartamento,R$ 1.670,R$ 588,SQNW 110 Bloco D,"Apartamento para comprar com 132 m², 4 quartos, 2 banheiros, 2 vagas em Setor Noroeste, Brasília",https://www.vivareal.com.br/imovel/apartamento-4-quartos-setor-noroeste-bairros-brasilia-com-garagem-132m2-venda-RS1980000-id-2897338106/,2026-09-30,15000.0
2891833301,2490000.0,170.0,4.0,5.0,3.0,Noroeste,apartamento,R$ 2.368,R$ 4.620,SQNW 108 Bloco C,"Apartamento para comprar com 170 m², 4 quartos, 5 banheiros, 3 vagas em Setor Noroeste, Brasília",https://www.vivareal.com.br/imovel/apartamento-4-quartos-setor-noroeste-bairros-brasilia-com-garagem-170m2-venda-RS2490000-id-2891833301/,2026-09-30,14647.058823529413
2828190240,2444000.0,175.0,3.0,4.0,3.0,Noroeste,apartamento,isento,R$ 4.355,SQNW 309,"Apartamento com elevador no condomínio, 3 dormitórios, 1 suíte e varanda disponível para compra em Setor Noroeste, Brasília",https://www.vivareal.com.br/imovel/apartamento-3-quartos-setor-noroeste-bairros-brasilia-com-garagem-175m2-venda-RS2444000-id-2828190240/,2026-09-30,13965.714285714286
2895412179,1772727.0,85.0,2.0,3.0,1.0,Noroeste,apartamento,isento,isento,SQNW 307,"Apartamento com 2 suítes, 3 banheiros e 85 m² disponível para venda em condomínio com piscina e elevador em Setor Noroeste, Brasília",https://www.vivareal.com.br/imovel/apartamento-2-quartos-setor-noroeste-bairros-brasilia-com-garagem-85m2-venda-RS1772727-id-2895412179/,2026-09-30,20855.61176470588
2903296072,750000.0,34.0,1.0,1.0,1.0,Noroeste,apartamento,isento,isento,SQNW 310 Bloco C,"Apartamento para comprar com 34 m², 1 quarto, 1 banheiro, 1 vaga em Setor Noroeste, Brasília",https://www.vivareal.com.br/imovel/apartamento-1-quartos-setor-noroeste-bairros-brasilia-com-garagem-34m2-venda-RS750000-id-2903296072/,2026-09-30,22058.823529411766
2853418858,565000.0,34.0,1.0,1.0,1.0,Noroeste,apartamento,R$ 530,R$ 132,SQNW 307 Bloco C,"Apartamento com elevador no condomínio e varanda, 1 dormitório para comprar em Setor Noroeste, Brasília",https://www.vivareal.com.br/imovel/apartamento-1-quartos-setor-noroeste-bairros-brasilia-com-garagem-34m2-venda-RS565000-id-2853418858/,2026-09-30,16617.647058823528
2909653672,520000.0,33.0,1.0,1.0,1.0,Noroeste,apartamento,R$ 780,R$ 890,CRNW 510 Bloco A Lote 4,"Apartamento para comprar com 33 m², 1 quarto, 1 banheiro, 1 vaga em Setor Noroeste, Brasília",https://www.vivareal.com.br/imovel/apartamento-1-quartos-setor-noroeste-bairros-brasilia-com-garagem-33m2-venda-RS520000-id-2909653672/,2026-09-30,15757.575757575758
2903555195,3740000.0,220.0,3.0,4.0,1.0,Noroeste,apartamento,R$ 1.770,isento,SQNW 110 Bloco I,"Apartamento para comprar com 220 m², 3 quartos, 4 banheiros, 1 vaga em Setor Noroeste, Brasília",https://www.vivareal.com.br/imovel/apartamento-3-quartos-setor-noroeste-bairros-brasilia-com-garagem-220m2-venda-RS3740000-id-2903555195/,2026-09-30,17000.0
2879844425,697000.0,39.0,1.0,1.0,1.0,Noroeste,apartamento,isento,isento,CLNW 4/5 Lote B,"Apartamento com elevador no condomínio e aceita animais para comprar em Setor Noroeste, Brasília",https://www.vivareal.com.br/imovel/apartamento-1-quartos-setor-noroeste-bairros-brasilia-com-garagem-39m2-venda-RS697000-id-2879844425/,2026-09-30,17871.79487179487
2902300500,4454000.0,246.0,4.0,6.0,4.0,Noroeste,apartamento,isento,isento,SQNW 304 Bloco F,"Apartamento para comprar com 246 m², 4 quartos, 6 banheiros, 4 vagas em Setor Noroeste, Brasília",https://www.vivareal.com.br/imovel/apartamento-4-quartos-setor-noroeste-bairros-brasilia-com-garagem-246m2-venda-RS4454000-id-2902300500/,2026-09-30,18105.691056910568
2911262216,3100000.0,168.0,4.0,6.0,3.0,Noroeste,apartamento,isento,isento,SQNW 102 Bloco A,"Apartamento para comprar com 168 m², 4 quartos, 6 banheiros, 3 vagas em Setor Noroeste, Brasília",https://www.vivareal.com.br/imovel/apartamento-4-quartos-setor-noroeste-bairros-brasilia-com-garagem-168m2-venda-RS3100000-id-2911262216/,2026-09-30,18452.380952380954
2800540350,1890000.0,148.0,2.0,3.0,2.0,Noroeste,apartamento,isento,R$ 4.000,SQNW 309,"Apartamento com elevador no condomínio e varanda, 2 dormitórios e 1 suíte para comprar em Setor Noroeste, Brasília",https://www.vivareal.com.br/imovel/apartamento-2-quartos-setor-noroeste-bairros-brasilia-com-garagem-148m2-venda-RS1890000-id-2800540350/,2026-09-30,12770.27027027027
2888054126,4400000.0,197.0,4.0,6.0,4.0,Noroeste,apartamento,isento,isento,SQNW 303 Bloco B,"Apartamento com piscina no condomínio, aceita animais e 4 suítes para comprar em Setor Noroeste, Brasília",https://www.vivareal.com.br/imovel/apartamento-4-quartos-setor-noroeste-bairros-brasilia-com-garagem-197m2-venda-RS4400000-id-2888054126/,2026-09-30,22335.02538071066
2869184906,1680000.0,157.0,2.0,3.0,2.0,Noroeste,apartamento,R$ 1.360,R$ 4.510,SQNW 108 Bloco G,"Apartamento com 2 dormitórios, 1 suíte e 157 m² para comprar em Setor Noroeste, Brasília",https://www.vivareal.com.br/imovel/apartamento-2-quartos-setor-noroeste-bairros-brasilia-com-garagem-157m2-venda-RS1680000-id-2869184906/,2026-09-30,10700.636942675159
2905955655,2350000.0,155.0,4.0,6.0,2.0,Noroeste,apartamento,R$ 1.685,R$ 4.700,QMSW 6 Lote 1,"Apartamento para comprar com 155 m², 4 quartos, 6 banheiros, 2 vagas em Setor Sudoeste, Brasília",https://www.vivareal.com.br/imovel/apartamento-4-quartos-setor-noroeste-bairros-brasilia-com-garagem-155m2-venda-RS2350000-id-2905955655/,2026-09-30,15161.290322580646
2906328539,3100000.0,174.0,4.0,5.0,2.0,Noroeste,apartamento,isento,isento,SQNW 102 Bloco L,"Apartamento para comprar com 174 m², 4 quartos, 5 banheiros, 2 vagas em Setor Noroeste, Brasília",https://www.vivareal.com.br/imovel/apartamento-4-quartos-setor-noroeste-bairros-brasilia-com-garagem-174m2-venda-RS3100000-id-2906328539/,2026-09-30,17816.091954022988
2884811782,750000.0,35.0,1.0,1.0,1.0,Noroeste,apartamento,isento,isento,Endereço não informado,"Apartamento com piscina no condomínio, 1 dormitório e portaria 24h disponível para compra em Setor Noroeste, Brasília",https://www.vivareal.com.br/imovel/apartamento-1-quartos-setor-noroeste-bairros-brasilia-com-garagem-35m2-venda-RS750000-id-2884811782/,2026-09-30,21428.571428571428
2839489435,1800000.0,81.0,1.0,1.0,1.0,Noroeste,apartamento,R$ 980,R$ 980,CRNW 710,"Apartamento com portaria 24h e churrasqueira no condomínio, 1 dormitório e 1 suíte para comprar em Setor Noroeste, Brasília",https://www.vivareal.com.br/imovel/apartamento-1-quartos-setor-noroeste-bairros-brasilia-com-garagem-81m2-venda-RS1800000-id-2839489435/,2026-09-30,22222.222222222223
2914404941,600000.0,37.0,1.0,1.0,2.0,Noroeste,apartamento,isento,isento,CLNW 10/11,"Apartamento para comprar com 37 m², 1 quarto, 1 banheiro, 2 vagas em Setor Noroeste, Brasília",https://www.vivareal.com.br/imovel/apartamento-1-quartos-setor-noroeste-bairros-brasilia-com-garagem-37m2-venda-RS600000-id-2914404941/,2026-09-30,16216.216216216217
2805167871,2389000.0,122.0,3.0,4.0,2.0,Noroeste,apartamento,isento,isento,SQNW 103 Bloco A,"Apartamento com piscina e elevador no condomínio, 3 suítes e 122 m² para comprar em Setor Noroeste, Brasília",https://www.vivareal.com.br/imovel/apartamento-3-quartos-setor-noroeste-bairros-brasilia-com-garagem-122m2-venda-RS2389000-id-2805167871/,2026-09-30,19581.967213114753
2888218599,1394000.0,84.0,2.0,3.0,2.0,Noroeste,apartamento,R$ 790,R$ 2.500,Endereço não informado,"Apartamento mobiliado com piscina no condomínio, 2 dormitórios e 84 m² para comprar em Setor Noroeste, Brasília",https://www.vivareal.com.br/imovel/apartamento-2-quartos-setor-noroeste-bairros-brasilia-com-garagem-84m2-venda-RS1394000-id-2888218599/,2026-09-30,16595.238095238095
2909813929,769000.0,43.0,1.0,1.0,1.0,Noroeste,apartamento,R$ 495,R$ 1.400,SQNW 311 Bloco C,"Apartamento para comprar com 43 m², 1 quarto, 1 banheiro, 1 vaga em Setor Noroeste, Brasília",https://www.vivareal.com.br/imovel/apartamento-1-quartos-setor-noroeste-bairros-brasilia-com-garagem-43m2-venda-RS769000-id-2909813929/,2026-09-30,17883.720930232557
2866685889,2990000.0,226.0,3.0,4.0,3.0,Noroeste,apartamento,R$ 2.790,isento,SQNW 111 Bloco C,"Apartamento com 3 dormitórios, 1 suíte e 226 m² disponível para compra em Setor Noroeste, Brasília",https://www.vivareal.com.br/imovel/apartamento-3-quartos-setor-noroeste-bairros-brasilia-com-garagem-226m2-venda-RS2990000-id-2866685889/,2026-09-30,13230.08849557522
2909491037,3150000.0,290.0,3.0,3.0,4.0,Noroeste,apartamento,R$ 3.800,R$ 4.256,SQNW 107,"Apartamento para comprar com 290 m², 3 quartos, 3 banheiros, 4 vagas em Setor Noroeste, Brasília",https://www.vivareal.com.br/imovel/apartamento-3-quartos-setor-noroeste-bairros-brasilia-com-garagem-290m2-venda-RS3150000-id-2909491037/,2026-09-30,10862.068965517241
2878278874,710000.0,39.0,1.0,1.0,1.0,Noroeste,apartamento,R$ 650,isento,Endereço não informado,"Apartamento com portaria 24h, 1 dormitório e 39 m² disponível para compra em Setor Noroeste, Brasília",https://www.vivareal.com.br/imovel/apartamento-1-quartos-setor-noroeste-bairros-brasilia-com-garagem-39m2-venda-RS710000-id-2878278874/,2026-09-30,18205.128205128207
2862153494,1450000.0,80.0,2.0,3.0,3.0,Noroeste,apartamento,R$ 1.444,R$ 2.118,SQNW 309,"Apartamento com elevador e piscina no condomínio, 2 suítes e 80 m² para comprar em Setor Noroeste, Brasília",https://www.vivareal.com.br/imovel/apartamento-2-quartos-setor-noroeste-bairros-brasilia-com-garagem-80m2-venda-RS1450000-id-2862153494/,2026-09-30,18125.0
2898357373,1080000.0,51.0,2.0,2.0,1.0,Noroeste,apartamento,R$ 400,R$ 2.400,CRNW 503 Bloco A Lote 1,"Apartamento para comprar com 51 m², 2 quartos, 2 banheiros, 1 vaga em Setor Noroeste, Brasília",https://www.vivareal.com.br/imovel/apartamento-2-quartos-setor-noroeste-bairros-brasilia-com-garagem-51m2-venda-RS1080000-id-2898357373/,2026-09-30,21176.470588235294
2864021172,6026000.0,288.0,4.0,6.0,4.0,Noroeste,apartamento,isento,isento,SQNW 306 Bloco J,"Apartamento com piscina no condomínio e varanda, 4 suítes e 288 m² para comprar em Setor Noroeste, Brasília",https://www.vivareal.com.br/imovel/apartamento-4-quartos-setor-noroeste-bairros-brasilia-com-garagem-288m2-venda-RS6026000-id-2864021172/,2026-09-30,20923.61111111111
2892427939,2750000.0,171.0,3.0,5.0,4.0,Noroeste,apartamento,R$ 1.865,R$ 600,Endereço não informado,"Apartamento com 3 suítes, 5 banheiros e 4 vagas para comprar em Setor Noroeste, Brasília",https://www.vivareal.com.br/imovel/apartamento-3-quartos-setor-noroeste-bairros-brasilia-com-garagem-171m2-venda-RS2750000-id-2892427939/,2026-09-30,16081.87134502924
2912623419,2030598.0,115.0,3.0,4.0,2.0,Noroeste,apartamento,isento,isento,SQNW 304 Bloco D,"Apartamento para comprar com 115 m², 3 quartos, 4 banheiros, 2 vagas em Setor Noroeste, Brasília",https://www.vivareal.com.br/imovel/apartamento-3-quartos-setor-noroeste-bairros-brasilia-com-garagem-115m2-venda-RS2030598-id-2912623419/,2026-09-30,17657.373913043477
2898283975,670000.0,45.0,1.0,1.0,0.0,Noroeste,apartamento,R$ 663,isento,Endereço não informado,"Apartamento para comprar com 45 m², 1 quarto, 1 banheiro em Setor Noroeste, Brasília",https://www.vivareal.com.br/imovel/apartamento-1-quartos-setor-noroeste-bairros-brasilia-45m2-venda-RS670000-id-2898283975/,2026-09-30,14888.888888888889
2894550387,698000.0,52.0,2.0,1.0,1.0,Sudoeste,apartamento,R$ 1.000,R$ 274,CLSW 301 Bloco B,"Apartamento para comprar com 52 m², 2 quartos, 1 banheiro, 1 vaga em Setor Sudoeste, Brasília",https://www.vivareal.com.br/imovel/apartamento-2-quartos-setor-sudoeste-bairros-brasilia-com-garagem-52m2-venda-RS698000-id-2894550387/,2026-09-30,13423.076923076924
2907118628,680000.0,61.0,1.0,1.0,0.0,Sudoeste,apartamento,R$ 770,isento,QRSW 6 Bloco A-2,"Apartamento para comprar com 61 m², 1 quarto, 1 banheiro em Setor Sudoeste, Brasília",https://www.vivareal.com.br/imovel/apartamento-1-quartos-setor-sudoeste-bairros-brasilia-61m2-venda-RS680000-id-2907118628/,2026-09-30,11147.540983606557
2902392406,1485000.0,96.0,3.0,3.0,1.0,Sudoeste,apartamento,isento,isento,SQSW 306 Bloco A,"Apartamento para comprar com 96 m², 3 quartos, 3 banheiros, 1 vaga em Setor Sudoeste, Brasília",https://www.vivareal.com.br/imovel/apartamento-3-quartos-setor-sudoeste-bairros-brasilia-com-garagem-96m2-venda-RS1485000-id-2902392406/,2026-09-30,15468.75
2904634041,530000.0,37.0,2.0,1.0,1.0,Sudoeste,apartamento,R$ 514,isento,QMSW 4 Lote 6,"Apartamento para comprar com 37 m², 2 quartos, 1 banheiro, 1 vaga em Setor Sudoeste, Brasília",https://www.vivareal.com.br/imovel/apartamento-2-quartos-setor-sudoeste-bairros-brasilia-com-garagem-37m2-venda-RS530000-id-2904634041/,2026-09-30,14324.324324324325
2909947528,1540000.0,102.0,3.0,2.0,1.0,Sudoeste,apartamento,R$ 1.578,R$ 2.534,SQSW 305 Bloco F,"Apartamento para comprar com 102 m², 3 quartos, 2 banheiros, 1 vaga em Setor Sudoeste, Brasília",https://www.vivareal.com.br/imovel/apartamento-3-quartos-setor-sudoeste-bairros-brasilia-com-garagem-102m2-venda-RS1540000-id-2909947528/,2026-09-30,15098.039215686274
2901043435,3325000.0,145.0,4.0,5.0,3.0,Sudoeste,apartamento,isento,isento,SQSW 500 Bloco T,"Apartamento para comprar com 145 m², 4 quartos, 5 banheiros, 3 vagas em Setor Sudoeste, Brasília",https://www.vivareal.com.br/imovel/apartamento-4-quartos-setor-sudoeste-bairros-brasilia-com-garagem-145m2-venda-RS3325000-id-2901043435/,2026-09-30,22931.03448275862
2878290802,2600000.0,210.0,3.0,4.0,3.0,Sudoeste,apartamento,R$ 2.300,R$ 999,CCSW 1,"Apartamento com academia no condomínio, 3 dormitórios e 210 m² disponível para compra em Setor Sudoeste, Brasília",https://www.vivareal.com.br/imovel/apartamento-3-quartos-setor-sudoeste-bairros-brasilia-com-garagem-210m2-venda-RS2600000-id-2878290802/,2026-09-30,12380.952380952382
2800426538,470000.0,29.0,1.0,1.0,1.0,Sudoeste,apartamento,R$ 550,isento,EQRSW 7/8,"Apartamento com 1 dormitório, 1 suíte e 29 m² disponível para compra em Setor Sudoeste, Brasília",https://www.vivareal.com.br/imovel/apartamento-1-quartos-setor-sudoeste-bairros-brasilia-com-garagem-29m2-venda-RS470000-id-2800426538/,2026-09-30,16206.896551724138
2910733355,320000.0,30.0,1.0,1.0,0.0,Sudoeste,apartamento,R$ 450,isento,QRSW 2,"Kitnet/Conjugado para comprar com 30 m², 1 quarto, 1 banheiro em Setor Sudoeste, Brasília",https://www.vivareal.com.br/imovel/kitnet-1-quartos-setor-sudoeste-bairros-brasilia-30m2-venda-RS320000-id-2910733355/,2026-09-30,10666.666666666666
2912701472,890000.0,63.0,1.0,2.0,1.0,Sudoeste,apartamento,isento,isento,CCSW 2 Lote 4,"Apartamento para comprar com 63 m², 1 quarto, 2 banheiros, 1 vaga em Setor Sudoeste, Brasília",https://www.vivareal.com.br/imovel/apartamento-1-quartos-setor-sudoeste-bairros-brasilia-com-garagem-63m2-venda-RS890000-id-2912701472/,2026-09-30,14126.984126984127
2912233701,730000.0,62.0,2.0,1.0,0.0,Sudoeste,apartamento,R$ 650,isento,QRSW 2 Bloco B-10,"Apartamento para comprar com 62 m², 2 quartos, 1 banheiro em Setor Sudoeste, Brasília",https://www.vivareal.com.br/imovel/apartamento-2-quartos-setor-sudoeste-bairros-brasilia-62m2-venda-RS730000-id-2912233701/,2026-09-30,11774.193548387097
2904101221,297000.0,25.0,1.0,1.0,0.0,Sudoeste,apartamento,R$ 380,R$ 150,QMSW 4 Lote 6,"Kitnet/Conjugado para comprar com 25 m², 1 quarto, 1 banheiro em Setor Sudoeste, Brasília",https://www.vivareal.com.br/imovel/kitnet-1-quartos-setor-sudoeste-bairros-brasilia-25m2-venda-RS297000-id-2904101221/,2026-09-30,11880.0
2901269023,3379000.0,126.0,3.0,4.0,2.0,Sudoeste,apartamento,isento,isento,SQSW 500 Bloco E,"Apartamento para comprar com 126 m², 3 quartos, 4 banheiros, 2 vagas em Setor Sudoeste, Brasília",https://www.vivareal.com.br/imovel/apartamento-3-quartos-setor-sudoeste-bairros-brasilia-com-garagem-126m2-venda-RS3379000-id-2901269023/,2026-09-30,26817.460317460318
2864020184,3543574.0,172.0,4.0,6.0,3.0,Sudoeste,apartamento,isento,isento,SAFS Quadra,"Apartamento com piscina no condomínio, 4 suítes e varanda, 172 m² para comprar em Zona Cívico-Administrativa, Brasília",https://www.vivareal.com.br/imovel/apartamento-4-quartos-setor-sudoeste-bairros-brasilia-com-garagem-172m2-venda-RS3543574-id-2864020184/,2026-09-30,20602.174418604653
2912151363,1990000.0,146.0,3.0,2.0,1.0,Sudoeste,apartamento,isento,isento,SQSW 103 Bloco B,"Apartamento para comprar com 146 m², 3 quartos, 2 banheiros, 1 vaga em Setor Sudoeste, Brasília",https://www.vivareal.com.br/imovel/apartamento-3-quartos-setor-sudoeste-bairros-brasilia-com-garagem-146m2-venda-RS1990000-id-2912151363/,2026-09-30,13630.13698630137
2896391031,1390000.0,94.0,3.0,2.0,0.0,Sudoeste,apartamento,R$ 880,R$ 2.992,SQSW 305 Bloco F,"Apartamento para comprar com 94 m², 3 quartos, 2 banheiros em Setor Sudoeste, Brasília",https://www.vivareal.com.br/imovel/apartamento-3-quartos-setor-sudoeste-bairros-brasilia-94m2-venda-RS1390000-id-2896391031/,2026-09-30,14787.234042553191
2901046710,3375000.0,133.0,3.0,4.0,2.0,Sudoeste,apartamento,isento,isento,SQSW 500 Bloco T,"Apartamento para comprar com 133 m², 3 quartos, 4 banheiros, 2 vagas em Setor Sudoeste, Brasília",https://www.vivareal.com.br/imovel/apartamento-3-quartos-setor-sudoeste-bairros-brasilia-com-garagem-133m2-venda-RS3375000-id-2901046710/,2026-09-30,25375.93984962406
2891834980,3187000.0,143.0,3.0,5.0,2.0,Sudoeste,apartamento,R$ 1.800,isento,SQSW 500 Bloco T,"Apartamento com piscina no condomínio, 3 suítes e elevador, disponível para compra em Setor Sudoeste, Brasília",https://www.vivareal.com.br/imovel/apartamento-3-quartos-setor-sudoeste-bairros-brasilia-com-garagem-143m2-venda-RS3187000-id-2891834980/,2026-09-30,22286.713286713286
2883547079,2350000.0,146.0,4.0,4.0,2.0,Sudoeste,apartamento,isento,isento,SQSW 300 Bloco M,"Apartamento com elevador no condomínio e varanda, 4 dormitórios e 2 suítes para comprar em Setor Sudoeste, Brasília",https://www.vivareal.com.br/imovel/apartamento-4-quartos-setor-sudoeste-bairros-brasilia-com-garagem-146m2-venda-RS2350000-id-2883547079/,2026-09-30,16095.890410958904
2864021084,4221037.0,168.0,4.0,5.0,3.0,Sudoeste,apartamento,isento,isento,SQSW 500 Bloco H,"Apartamento com piscina no condomínio e varanda, 4 suítes e 168 m² para comprar em Setor Sudoeste, Brasília",https://www.vivareal.com.br/imovel/apartamento-4-quartos-setor-sudoeste-bairros-brasilia-com-garagem-168m2-venda-RS4221037-id-2864021084/,2026-09-30,25125.220238095237
2883526192,670000.0,60.0,2.0,1.0,0.0,Sudoeste,apartamento,isento,isento,Endereço não informado,"Apartamento de 60 m² com 2 dormitórios e varanda gourmet disponível para compra em Setor Sudoeste, Brasília",https://www.vivareal.com.br/imovel/apartamento-2-quartos-setor-sudoeste-bairros-brasilia-60m2-venda-RS670000-id-2883526192/,2026-09-30,11166.666666666666
2901274102,4590000.0,168.0,4.0,5.0,3.0,Sudoeste,apartamento,isento,isento,SQSW 500 Bloco H,"Apartamento para comprar com 168 m², 4 quartos, 5 banheiros, 3 vagas em Setor Sudoeste, Brasília",https://www.vivareal.com.br/imovel/apartamento-4-quartos-setor-sudoeste-bairros-brasilia-com-garagem-168m2-venda-RS4590000-id-2901274102/,2026-09-30,27321.428571428572
2905672318,1649000.0,109.0,3.0,3.0,2.0,Sudoeste,apartamento,isento,isento,SQSW 305,"Apartamento para comprar com 109 m², 3 quartos, 3 banheiros, 2 vagas em Setor Sudoeste, Brasília",https://www.vivareal.com.br/imovel/apartamento-3-quartos-setor-sudoeste-bairros-brasilia-com-garagem-109m2-venda-RS1649000-id-2905672318/,2026-09-30,15128.440366972478
2913904757,1670000.0,100.0,3.0,3.0,1.0,Sudoeste,apartamento,R$ 1.080,R$ 455,SQSW 305 Bloco C,"Apartamento para comprar com 100 m², 3 quartos, 3 banheiros, 1 vaga em Setor Sudoeste, Brasília",https://www.vivareal.com.br/imovel/apartamento-3-quartos-setor-sudoeste-bairros-brasilia-com-garagem-100m2-venda-RS1670000-id-2913904757/,2026-09-30,16700.0
2912381848,1290000.0,88.0,3.0,3.0,1.0,Sudoeste,apartamento,R$ 968,R$ 472,SQSW 504,"Apartamento para comprar com 88 m², 3 quartos, 3 banheiros, 1 vaga em Setor Sudoeste, Brasília",https://www.vivareal.com.br/imovel/apartamento-3-quartos-setor-sudoeste-bairros-brasilia-com-garagem-88m2-venda-RS1290000-id-2912381848/,2026-09-30,14659.09090909091
2907124424,1180000.0,65.0,2.0,3.0,1.0,Sudoeste,apartamento,R$ 600,R$ 2.448,CCSW 1,"Apartamento para comprar com 65 m², 2 quartos, 3 banheiros, 1 vaga em Setor Sudoeste, Brasília",https://www.vivareal.com.br/imovel/apartamento-2-quartos-setor-sudoeste-bairros-brasilia-com-garagem-65m2-venda-RS1180000-id-2907124424/,2026-09-30,18153.846153846152
2909578337,1430000.0,104.0,3.0,3.0,1.0,Sudoeste,apartamento,R$ 1.400,R$ 3.232,SQSW 100 Bloco D,"Apartamento para comprar com 104 m², 3 quartos, 3 banheiros, 1 vaga em Setor Sudoeste, Brasília",https://www.vivareal.com.br/imovel/apartamento-3-quartos-setor-sudoeste-bairros-brasilia-com-garagem-104m2-venda-RS1430000-id-2909578337/,2026-09-30,13750.0
2905390034,400000.0,24.0,1.0,1.0,1.0,Sudoeste,apartamento,R$ 465,R$ 847,QMSW 5 Lote 9,"Kitnet/Conjugado para comprar com 24 m², 1 quarto, 1 banheiro, 1 vaga em Setor Sudoeste, Brasília",https://www.vivareal.com.br/imovel/kitnet-1-quartos-setor-sudoeste-bairros-brasilia-com-garagem-24m2-venda-RS400000-id-2905390034/,2026-09-30,16666.666666666668
2894626202,1400000.0,96.0,3.0,3.0,1.0,Sudoeste,apartamento,R$ 800,R$ 2.818,SQSW 303,"Apartamento com 3 dormitórios, 1 suíte, 3 banheiros, 96 m², 1 vaga e varanda disponível para venda em Setor Sudoeste, Brasília",https://www.vivareal.com.br/imovel/apartamento-3-quartos-setor-sudoeste-bairros-brasilia-com-garagem-96m2-venda-RS1400000-id-2894626202/,2026-09-30,14583.333333333334
2706483316,4600000.0,172.0,4.0,6.0,2.0,Sudoeste,apartamento,isento,isento,SQSW 500,"Apartamento com academia e churrasqueira no condomínio, 4 suítes e 172 m² para comprar em Setor Sudoeste, Brasília",https://www.vivareal.com.br/imovel/apartamento-4-quartos-setor-sudoeste-bairros-brasilia-com-garagem-172m2-venda-RS4600000-id-2706483316/,2026-09-30,26744.18604651163
2911120550,2290000.0,160.0,3.0,3.0,2.0,Sudoeste,apartamento,R$ 1.748,R$ 3.732,CCSW 3 Lote 3 Bloco B,"Apartamento para comprar com 160 m², 3 quartos, 3 banheiros, 2 vagas em Setor Sudoeste, Brasília",https://www.vivareal.com.br/imovel/apartamento-3-quartos-setor-sudoeste-bairros-brasilia-com-garagem-160m2-venda-RS2290000-id-2911120550/,2026-09-30,14312.5
2882682850,395000.0,32.0,1.0,1.0,0.0,Sudoeste,apartamento,R$ 310,R$ 209,CLSW 101 Bloco A,"Kitnet conjugado mobiliado e aceita animais, com 1 dormitório disponível para compra em Setor Sudoeste, Brasília",https://www.vivareal.com.br/imovel/kitnet-1-quartos-setor-sudoeste-bairros-brasilia-32m2-venda-RS395000-id-2882682850/,2026-09-30,12343.75
2904091804,455000.0,24.0,1.0,1.0,0.0,Sudoeste,apartamento,isento,isento,QMSW 5 Lote 2 Bloco B,"Apartamento para comprar com 24 m², 1 quarto, 1 banheiro em Setor Sudoeste, Brasília",https://www.vivareal.com.br/imovel/apartamento-1-quartos-setor-sudoeste-bairros-brasilia-24m2-venda-RS455000-id-2904091804/,2026-09-30,18958.333333333332
2908276830,617000.0,49.0,1.0,1.0,0.0,Sudoeste,apartamento,R$ 731,R$ 1.181,QRSW 7 Bloco B-15,"Apartamento para comprar com 49 m², 1 quarto, 1 banheiro em Setor Sudoeste, Brasília",https://www.vivareal.com.br/imovel/apartamento-1-quartos-setor-sudoeste-bairros-brasilia-49m2-venda-RS617000-id-2908276830/,2026-09-30,12591.836734693878
2901274301,430000.0,25.0,1.0,1.0,1.0,Sudoeste,apartamento,R$ 625,isento,CCSW 4 Lote 4 Bloco A,"Apartamento para comprar com 25 m², 1 quarto, 1 banheiro, 1 vaga em Setor Sudoeste, Brasília",https://www.vivareal.com.br/imovel/apartamento-1-quartos-setor-sudoeste-bairros-brasilia-com-garagem-25m2-venda-RS430000-id-2901274301/,2026-09-30,17200.0
2799821623,2380000.0,194.0,4.0,3.0,2.0,Sudoeste,apartamento,isento,R$ 5.606,SQSW 101,"Apartamento com piscina e elevador no condomínio, 4 dormitórios e 2 suítes para comprar em Setor Sudoeste, Brasília",https://www.vivareal.com.br/imovel/apartamento-4-quartos-setor-sudoeste-bairros-brasilia-com-garagem-194m2-venda-RS2380000-id-2799821623/,2026-09-30,12268.041237113403
2891834779,4060000.0,167.0,4.0,6.0,3.0,Sudoeste,apartamento,isento,isento,SQSW 500 Bloco H,"Apartamento com piscina e elevador no condomínio, 4 suítes e 167 m² para comprar em Setor Sudoeste, Brasília",https://www.vivareal.com.br/imovel/apartamento-4-quartos-setor-sudoeste-bairros-brasilia-com-garagem-167m2-venda-RS4060000-id-2891834779/,2026-09-30,24311.377245508982
2893433681,330000.0,32.0,1.0,1.0,0.0,Sudoeste,apartamento,R$ 387,R$ 2.162,QMSW 6,"Apartamento de 32 m² com 1 dormitório e 1 banheiro disponível para venda em Setor Sudoeste, Brasília",https://www.vivareal.com.br/imovel/apartamento-1-quartos-setor-sudoeste-bairros-brasilia-32m2-venda-RS330000-id-2893433681/,2026-09-30,10312.5
2871395085,770000.0,97.0,2.0,1.0,1.0,Sudoeste,apartamento,R$ 398,R$ 1.700,CLSW 300A,"Apartamento com piscina e elevador no condomínio, 2 dormitórios e 1 suíte disponível para compra em Setor Sudoeste, Brasília",https://www.vivareal.com.br/imovel/apartamento-2-quartos-setor-sudoeste-bairros-brasilia-com-garagem-97m2-venda-RS770000-id-2871395085/,2026-09-30,7938.144329896907
2909260550,6340000.0,230.0,4.0,6.0,4.0,Sudoeste,apartamento,isento,isento,SQSW 500 Bloco G,"Apartamento para comprar com 230 m², 4 quartos, 6 banheiros, 4 vagas em Setor Sudoeste, Brasília",https://www.vivareal.com.br/imovel/apartamento-4-quartos-setor-sudoeste-bairros-brasilia-com-garagem-230m2-venda-RS6340000-id-2909260550/,2026-09-30,27565.217391304348
2860406415,450000.0,26.0,1.0,1.0,1.0,Sudoeste,apartamento,R$ 340,R$ 5.376,Endereço não informado,"Apartamento mobiliado com elevador no condomínio, 1 dormitório e 1 suíte disponível para compra em Setor Sudoeste, Brasília",https://www.vivareal.com.br/imovel/apartamento-1-quartos-setor-sudoeste-bairros-brasilia-com-garagem-26m2-venda-RS450000-id-2860406415/,2026-09-30,17307.69230769231
2625304993,4270000.0,306.0,4.0,5.0,4.0,Sudoeste,apartamento,isento,isento,CCSW 3,"Apartamento com piscina e elevador no condomínio, 4 dormitórios e 3 suítes à venda em Setor Sudoeste, Brasília",https://www.vivareal.com.br/imovel/apartamento-4-quartos-setor-sudoeste-bairros-brasilia-com-garagem-306m2-venda-RS4270000-id-2625304993/,2026-09-30,13954.248366013071
2896599195,2740000.0,216.0,4.0,4.0,2.0,Sudoeste,apartamento,R$ 3.500,isento,SQSW 104,"Apartamento para comprar com 216 m², 4 quartos, 4 banheiros, 2 vagas em Setor Sudoeste, Brasília",https://www.vivareal.com.br/imovel/apartamento-4-quartos-setor-sudoeste-bairros-brasilia-com-garagem-216m2-venda-RS2740000-id-2896599195/,2026-09-30,12685.185185185184
2906691330,429999.0,25.0,1.0,1.0,1.0,Sudoeste,apartamento,R$ 630,R$ 860,CCSW 4 Lote 4,"Apartamento para comprar com 25 m², 1 quarto, 1 banheiro, 1 vaga em Setor Sudoeste, Brasília",https://www.vivareal.com.br/imovel/apartamento-1-quartos-setor-sudoeste-bairros-brasilia-com-garagem-25m2-venda-RS429999-id-2906691330/,2026-09-30,17199.96
2898690090,265000.0,28.0,1.0,1.0,0.0,Sudoeste,apartamento,isento,isento,Endereço não informado,"Kitnet/Conjugado para comprar com 28 m², 1 quarto, 1 banheiro em Setor Sudoeste, Brasília",https://www.vivareal.com.br/imovel/kitnet-1-quartos-setor-sudoeste-bairros-brasilia-28m2-venda-RS265000-id-2898690090/,2026-09-30,9464.285714285714
2900374910,310000.0,29.0,1.0,1.0,0.0,Sudoeste,apartamento,R$ 306,isento,QRSW 1,"Kitnet/Conjugado para comprar com 29 m², 1 quarto, 1 banheiro em Setor Sudoeste, Brasília",https://www.vivareal.com.br/imovel/kitnet-1-quartos-setor-sudoeste-bairros-brasilia-29m2-venda-RS310000-id-2900374910/,2026-09-30,10689.655172413793
2896777284,2890000.0,188.0,4.0,6.0,3.0,Sudoeste,apartamento,R$ 2.966,isento,SQSW 300 Bloco Q,"Apartamento para comprar com 188 m², 4 quartos, 6 banheiros, 3 vagas em Setor Sudoeste, Brasília",https://www.vivareal.com.br/imovel/apartamento-4-quartos-setor-sudoeste-bairros-brasilia-com-garagem-188m2-venda-RS2890000-id-2896777284/,2026-09-30,15372.340425531915
2903333855,2350000.0,126.0,3.0,5.0,2.0,Sudoeste,apartamento,isento,isento,SQSW 500 Bloco E,"Apartamento para comprar com 126 m², 3 quartos, 5 banheiros, 2 vagas em Setor Sudoeste, Brasília",https://www.vivareal.com.br/imovel/apartamento-3-quartos-setor-sudoeste-bairros-brasilia-com-garagem-126m2-venda-RS2350000-id-2903333855/,2026-09-30,18650.79365079365
2909703227,286000.0,45.0,1.0,1.0,2.0,Lago Sul,casa,isento,isento,Rodovia DF-001,"Casa para comprar com 45 m², 1 quarto, 1 banheiro, 2 vagas em Brasília",https://www.vivareal.com.br/imovel/casa-1-quartos-lago-sul-bairros-brasilia-com-garagem-45m2-venda-RS286000-id-2909703227/,2026-09-30,6355.555555555556
2890076073,2490000.0,293.0,5.0,5.0,4.0,Lago Sul,casa,isento,isento,SHIS QI 29 Conjunto 1,"Casa com 5 dormitórios, 3 suítes e 4 vagas na garagem disponível para compra em Setor de Habitações Individuais Sul, Brasília",https://www.vivareal.com.br/imovel/casa-5-quartos-lago-sul-bairros-brasilia-com-garagem-293m2-venda-RS2490000-id-2890076073/,2026-09-30,8498.293515358362
2909706518,1150000.0,300.0,3.0,4.0,2.0,Lago Sul,casa,isento,isento,Rodovia DF-001,"Casa de condomínio para comprar com 300 m², 3 quartos, 4 banheiros, 2 vagas em Brasília",https://www.vivareal.com.br/imovel/casa-de-condominio-3-quartos-lago-sul-bairros-brasilia-com-garagem-300m2-venda-RS1150000-id-2909706518/,2026-09-30,3833.3333333333335
2875138525,1550000.0,360.0,3.0,5.0,2.0,Lago Sul,casa,isento,isento,Condomínio Privê Morada Sul Etapa C,"Casa com churrasqueira no condomínio, aceita animais e 3 dormitórios para comprar em Setor Habitacional Jardim Botânico, Brasília",https://www.vivareal.com.br/imovel/casa-3-quartos-lago-sul-bairros-brasilia-com-garagem-360m2-venda-RS1550000-id-2875138525/,2026-09-30,4305.555555555556
2879740081,3290000.0,650.0,5.0,5.0,4.0,Lago Sul,casa,isento,R$ 4.280,SHIS QI 27 Conjunto 2,"Casa com piscina no condomínio, 5 quartos e backyard disponível para compra em Setor de Habitações Individuais Sul, Brasília",https://www.vivareal.com.br/imovel/casa-5-quartos-lago-sul-bairros-brasilia-com-garagem-650m2-venda-RS3290000-id-2879740081/,2026-09-30,5061.538461538462
2889639119,2890000.0,398.0,4.0,4.0,4.0,Lago Sul,casa,isento,R$ 4.000,SHIS QI 25 Conjunto 6,"Casa para comprar com 398 m², 4 quartos, 4 banheiros, 4 vagas em Setor de Habitações Individuais Sul, Brasília",https://www.vivareal.com.br/imovel/casa-4-quartos-lago-sul-bairros-brasilia-com-garagem-398m2-venda-RS2890000-id-2889639119/,2026-09-30,7261.306532663317
2785740417,1950000.0,450.0,4.0,8.0,4.0,Lago Sul,casa,isento,isento,SHDB QL 32 Conjunto 20,"Casa com 4 suítes, 450 m² e 8 banheiros disponível para comprar em Setor de Habitações Individuais Sul, Brasília",https://www.vivareal.com.br/imovel/casa-4-quartos-lago-sul-bairros-brasilia-com-garagem-450m2-venda-RS1950000-id-2785740417/,2026-09-30,4333.333333333333
2912483360,3490000.0,636.0,5.0,5.0,5.0,Lago Sul,casa,isento,R$ 4.971,SHIS QI 27 Conjunto 20,"Casa para comprar com 636 m², 5 quartos, 5 banheiros, 5 vagas em Setor de Habitações Individuais Sul, Brasília",https://www.vivareal.com.br/imovel/casa-5-quartos-lago-sul-bairros-brasilia-com-garagem-636m2-venda-RS3490000-id-2912483360/,2026-09-30,5487.421383647798
2881114574,4800000.0,623.0,5.0,5.0,4.0,Lago Sul,casa,isento,R$ 4.031,SHIS QI 28 Conjunto 15,"Casa com piscina e churrasqueira no condomínio, 5 dormitórios e 5 suítes para comprar em Setor de Habitações Individuais Sul, Brasília",https://www.vivareal.com.br/imovel/casa-5-quartos-lago-sul-bairros-brasilia-com-garagem-623m2-venda-RS4800000-id-2881114574/,2026-09-30,7704.654895666132
2909706752,2200000.0,400.0,3.0,5.0,4.0,Lago Sul,casa,isento,isento,Rodovia DF-001,"Casa para comprar com 400 m², 3 quartos, 5 banheiros, 4 vagas em Brasília",https://www.vivareal.com.br/imovel/casa-3-quartos-lago-sul-bairros-brasilia-com-garagem-400m2-venda-RS2200000-id-2909706752/,2026-09-30,5500.0
2880426681,3700000.0,550.0,4.0,7.0,3.0,Lago Sul,casa,isento,isento,SHIS QI 28,"Casa com piscina no condomínio e 4 suítes, 550 m² para comprar em Setor de Habitações Individuais Sul, Brasília",https://www.vivareal.com.br/imovel/casa-4-quartos-lago-sul-bairros-brasilia-com-garagem-550m2-venda-RS3700000-id-2880426681/,2026-09-30,6727.272727272727
2869573987,3000000.0,356.0,5.0,5.0,2.0,Lago Sul,casa,isento,isento,SHIS QI 28 Conjunto 6,"Sobrado com 5 dormitórios, 4 suítes e 2 vagas, 356 m² para comprar em Setor de Habitações Individuais Sul, Brasília",https://www.vivareal.com.br/imovel/sobrado-5-quartos-lago-sul-bairros-brasilia-com-garagem-356m2-venda-RS3000000-id-2869573987/,2026-09-30,8426.966292134832
2897495130,2250000.0,263.0,4.0,6.0,4.0,Lago Sul,casa,R$ 350,R$ 2.600,SHIS QI 28,"Casa para comprar com 263 m², 4 quartos, 6 banheiros, 4 vagas em Setor de Habitações Individuais Sul, Brasília",https://www.vivareal.com.br/imovel/casa-4-quartos-lago-sul-bairros-brasilia-com-garagem-263m2-venda-RS2250000-id-2897495130/,2026-09-30,8555.133079847908
2878368906,3590000.0,450.0,4.0,4.0,3.0,Lago Sul,casa,isento,isento,Endereço não informado,"Casa com piscina e churrasqueira no condomínio, 4 quartos e 3 suítes para comprar em Setor de Habitações Individuais Sul, Brasília",https://www.vivareal.com.br/imovel/casa-4-quartos-lago-sul-bairros-brasilia-com-garagem-450m2-venda-RS3590000-id-2878368906/,2026-09-30,7977.777777777777
2849362218,4800000.0,429.0,4.0,6.0,4.0,Lago Sul,casa,isento,isento,SHIS QI 25,"Casa com 4 dormitórios, 3 suítes e 6 banheiros disponível para compra em Setor de Habitações Individuais Sul, Brasília",https://www.vivareal.com.br/imovel/casa-4-quartos-lago-sul-bairros-brasilia-com-garagem-429m2-venda-RS4800000-id-2849362218/,2026-09-30,11188.811188811189
2878751659,4300000.0,429.0,5.0,4.0,5.0,Lago Sul,casa,isento,isento,Endereço não informado,"Casa com piscina e churrasqueira no condomínio, 5 dormitórios e 3 suítes para comprar em Setor de Habitações Individuais Sul, Brasília",https://www.vivareal.com.br/imovel/casa-5-quartos-lago-sul-bairros-brasilia-com-garagem-429m2-venda-RS4300000-id-2878751659/,2026-09-30,10023.310023310023
2796678633,2990000.0,480.0,4.0,5.0,2.0,Lago Sul,casa,isento,R$ 5.262,SHIS QI 29,"Casa com piscina no condomínio e 4 dormitórios, 2 suítes e 480 m² para comprar em Setor de Habitações Individuais Sul, Brasília",https://www.vivareal.com.br/imovel/casa-4-quartos-lago-sul-bairros-brasilia-com-garagem-480m2-venda-RS2990000-id-2796678633/,2026-09-30,6229.166666666667
2897539789,300000.0,27.0,1.0,1.0,1.0,Lago Norte,apartamento,R$ 459,isento,CA 8,"Apartamento para comprar com 27 m², 1 quarto, 1 banheiro, 1 vaga em Setor de Habitações Individuais Norte, Brasília",https://www.vivareal.com.br/imovel/apartamento-1-quartos-lago-norte-bairros-brasilia-com-garagem-27m2-venda-RS300000-id-2897539789/,2026-09-30,11111.111111111111
2869040423,420000.0,33.0,1.0,1.0,1.0,Lago Norte,apartamento,R$ 550,R$ 800,CA 5,"Kitnet/Conjugado de 33 m² com 1 dormitório para comprar em Setor de Habitações Individuais Norte, Brasília",https://www.vivareal.com.br/imovel/kitnet-1-quartos-lago-norte-bairros-brasilia-com-garagem-33m2-venda-RS420000-id-2869040423/,2026-09-30,12727.272727272728
2887512385,499000.0,47.0,1.0,2.0,1.0,Lago Norte,apartamento,isento,isento,CA 10,"Apartamento com 1 dormitório, 2 banheiros e academia no condomínio disponível para compra em Setor de Habitações Individuais Norte, Brasília",https://www.vivareal.com.br/imovel/apartamento-1-quartos-lago-norte-bairros-brasilia-com-garagem-47m2-venda-RS499000-id-2887512385/,2026-09-30,10617.021276595744
2879528078,1750000.0,112.0,3.0,4.0,2.0,Lago Norte,apartamento,isento,isento,CA 8,"Apartamento com piscina no condomínio, 3 dormitórios e elevador disponível para compra em Setor de Habitações Individuais Norte, Brasília",https://www.vivareal.com.br/imovel/apartamento-3-quartos-lago-norte-bairros-brasilia-com-garagem-112m2-venda-RS1750000-id-2879528078/,2026-09-30,15625.0
2706483114,670000.0,47.0,1.0,2.0,1.0,Lago Norte,apartamento,isento,isento,CA 10,"Apartamento com elevador no condomínio e 1 dormitório disponível para compra em Setor de Habitações Individuais Norte, Brasília",https://www.vivareal.com.br/imovel/apartamento-1-quartos-lago-norte-bairros-brasilia-com-garagem-47m2-venda-RS670000-id-2706483114/,2026-09-30,14255.31914893617
2722982643,570000.0,46.0,2.0,2.0,1.0,Lago Norte,apartamento,isento,isento,CA 10,"Apartamento de 53 m² com 2 dormitórios e 2 banheiros para comprar em Setor de Habitações Individuais Norte, Brasília",https://www.vivareal.com.br/imovel/apartamento-2-quartos-lago-norte-bairros-brasilia-com-garagem-46m2-venda-RS570000-id-2722982643/,2026-09-30,12391.304347826086
2696209580,630000.0,71.0,1.0,1.0,1.0,Lago Norte,apartamento,R$ 615,isento,CA 2,"Apartamento com 71 m², elevador e academia no condomínio disponível para compra em Setor de Habitações Individuais Norte, Brasília",https://www.vivareal.com.br/imovel/apartamento-1-quartos-lago-norte-bairros-brasilia-com-garagem-71m2-venda-RS630000-id-2696209580/,2026-09-30,8873.239436619719
2899575873,780000.0,59.0,1.0,2.0,1.0,Lago Norte,apartamento,R$ 675,R$ 1.005,CA 10,"Apartamento para comprar com 59 m², 1 quarto, 2 banheiros, 1 vaga em Setor de Habitações Individuais Norte, Brasília",https://www.vivareal.com.br/imovel/apartamento-1-quartos-lago-norte-bairros-brasilia-com-garagem-59m2-venda-RS780000-id-2899575873/,2026-09-30,13220.338983050848
2902186146,890000.0,70.0,1.0,2.0,1.0,Lago Norte,apartamento,R$ 620,R$ 1.360,CA 2,"Apartamento para comprar com 70 m², 1 quarto, 2 banheiros, 1 vaga em Setor de Habitações Individuais Norte, Brasília",https://www.vivareal.com.br/imovel/apartamento-1-quartos-lago-norte-bairros-brasilia-com-garagem-70m2-venda-RS890000-id-2902186146/,2026-09-30,12714.285714285714
2912568216,715000.0,65.0,1.0,2.0,1.0,Lago Norte,apartamento,isento,R$ 1.085,Endereço não informado,"Apartamento para comprar com 65 m², 1 quarto, 2 banheiros, 1 vaga em Setor de Habitações Individuais Norte, Brasília",https://www.vivareal.com.br/imovel/apartamento-1-quartos-lago-norte-bairros-brasilia-com-garagem-65m2-venda-RS715000-id-2912568216/,2026-09-30,11000.0
2912393221,620000.0,63.0,2.0,2.0,1.0,Lago Norte,apartamento,R$ 950,R$ 1.250,CA 9,"Duplex para comprar com 63 m², 2 quartos, 2 banheiros, 1 vaga em Setor de Habitações Individuais Norte, Brasília",https://www.vivareal.com.br/imovel/apartamento-2-quartos-lago-norte-bairros-brasilia-com-garagem-63m2-venda-RS620000-id-2912393221/,2026-09-30,9841.269841269841
2900526322,897000.0,72.0,2.0,2.0,1.0,Lago Norte,apartamento,R$ 701,R$ 611,Endereço não informado,"Apartamento para comprar com 72 m², 2 quartos, 2 banheiros, 1 vaga em Setor de Habitações Individuais Norte, Brasília",https://www.vivareal.com.br/imovel/apartamento-2-quartos-lago-norte-bairros-brasilia-com-garagem-72m2-venda-RS897000-id-2900526322/,2026-09-30,12458.333333333334
2896270004,345000.0,28.0,1.0,1.0,1.0,Lago Norte,apartamento,R$ 389,R$ 894,CA 2,"Kitnet/Conjugado para comprar com 28 m², 1 quarto, 1 banheiro, 1 vaga em Setor de Habitações Individuais Norte, Brasília",https://www.vivareal.com.br/imovel/kitnet-1-quartos-lago-norte-bairros-brasilia-com-garagem-28m2-venda-RS345000-id-2896270004/,2026-09-30,12321.42857142857
2863727965,1759668.0,183.0,2.0,2.0,2.0,Lago Norte,apartamento,R$ 1.956,isento,CA 2,"Apartamento com elevador no condomínio e varanda, 2 dormitórios para comprar em Setor de Habitações Individuais Norte, Brasília",https://www.vivareal.com.br/imovel/apartamento-2-quartos-lago-norte-bairros-brasilia-com-garagem-183m2-venda-RS1759668-id-2863727965/,2026-09-30,9615.672131147541
2902473432,760000.0,53.0,2.0,1.0,1.0,Lago Norte,apartamento,R$ 447,R$ 1.133,CA 2,"Apartamento para comprar com 53 m², 2 quartos, 1 banheiro, 1 vaga em Setor de Habitações Individuais Norte, Brasília",https://www.vivareal.com.br/imovel/apartamento-2-quartos-lago-norte-bairros-brasilia-com-garagem-53m2-venda-RS760000-id-2902473432/,2026-09-30,14339.622641509433
2651122996,222000.0,25.0,1.0,1.0,0.0,Lago Norte,apartamento,R$ 350,R$ 713,CA 3,"Kitnet/Conjugado para comprar com 25 m², 1 quarto, 1 banheiro em Setor de Habitações Individuais Norte, Brasília",https://www.vivareal.com.br/imovel/kitnet-1-quartos-lago-norte-bairros-brasilia-25m2-venda-RS222000-id-2651122996/,2026-09-30,8880.0
2902479009,450000.0,29.0,1.0,1.0,1.0,Lago Norte,apartamento,R$ 290,R$ 1.200,CA 2,"Apartamento para comprar com 29 m², 1 quarto, 1 banheiro, 1 vaga em Setor de Habitações Individuais Norte, Brasília",https://www.vivareal.com.br/imovel/apartamento-1-quartos-lago-norte-bairros-brasilia-com-garagem-29m2-venda-RS450000-id-2902479009/,2026-09-30,15517.241379310344
2909121814,1380000.0,80.0,3.0,3.0,2.0,Lago Norte,apartamento,isento,isento,CA 11,"Apartamento para comprar com 80 m², 3 quartos, 3 banheiros, 2 vagas em Setor de Habitações Individuais Norte, Brasília",https://www.vivareal.com.br/imovel/apartamento-3-quartos-lago-norte-bairros-brasilia-com-garagem-80m2-venda-RS1380000-id-2909121814/,2026-09-30,17250.0
2909416128,379000.0,28.0,1.0,1.0,1.0,Lago Norte,apartamento,R$ 612,R$ 936,CA 9,"Apartamento para comprar com 28 m², 1 quarto, 1 banheiro, 1 vaga em Setor de Habitações Individuais Norte, Brasília",https://www.vivareal.com.br/imovel/apartamento-1-quartos-lago-norte-bairros-brasilia-com-garagem-28m2-venda-RS379000-id-2909416128/,2026-09-30,13535.714285714286
2875888207,2202352.0,242.0,2.0,2.0,2.0,Lago Norte,apartamento,isento,isento,CA 2,"Apartamento com elevador no condomínio e varanda, 2 dormitórios e 1 suíte para comprar em Setor de Habitações Individuais Norte, Brasília",https://www.vivareal.com.br/imovel/apartamento-2-quartos-lago-norte-bairros-brasilia-com-garagem-242m2-venda-RS2202352-id-2875888207/,2026-09-30,9100.628099173553
2875884624,2202352.0,234.0,2.0,2.0,2.0,Lago Norte,apartamento,isento,isento,CA 2,"Apartamento com elevador no condomínio, 2 dormitórios e varanda, disponível para compra em Setor de Habitações Individuais Norte, Brasília",https://www.vivareal.com.br/imovel/apartamento-2-quartos-lago-norte-bairros-brasilia-com-garagem-234m2-venda-RS2202352-id-2875884624/,2026-09-30,9411.760683760684
2906692348,890000.0,70.0,1.0,1.0,1.0,Lago Norte,apartamento,R$ 500,R$ 1.200,CA 2,"Apartamento para comprar com 70 m², 1 quarto, 1 banheiro, 1 vaga em Setor de Habitações Individuais Norte, Brasília",https://www.vivareal.com.br/imovel/apartamento-1-quartos-lago-norte-bairros-brasilia-com-garagem-70m2-venda-RS890000-id-2906692348/,2026-09-30,12714.285714285714
2907909621,490000.0,30.0,1.0,1.0,0.0,Lago Norte,apartamento,R$ 358,R$ 900,Endereço não informado,"Apartamento para comprar com 30 m², 1 quarto, 1 banheiro em Setor de Habitações Individuais Norte, Brasília",https://www.vivareal.com.br/imovel/apartamento-1-quartos-lago-norte-bairros-brasilia-30m2-venda-RS490000-id-2907909621/,2026-09-30,16333.333333333334
2815577918,390000.0,28.0,1.0,1.0,1.0,Lago Norte,apartamento,R$ 390,isento,CA 2,"Kitnet/Conjugado com elevador no condomínio, 28 m² e 1 dormitório disponível para compra em Setor de Habitações Individuais Norte, Brasília",https://www.vivareal.com.br/imovel/kitnet-1-quartos-lago-norte-bairros-brasilia-com-garagem-28m2-venda-RS390000-id-2815577918/,2026-09-30,13928.57142857143
2745270432,630000.0,68.0,1.0,1.0,1.0,Lago Norte,apartamento,R$ 587,isento,CA 2,"Apartamento para comprar com 68 m², 1 quarto, 1 banheiro, 1 vaga em Setor de Habitações Individuais Norte, Brasília",https://www.vivareal.com.br/imovel/apartamento-1-quartos-lago-norte-bairros-brasilia-com-garagem-68m2-venda-RS630000-id-2745270432/,2026-09-30,9264.70588235294
2885194079,1495000.0,331.0,5.0,6.0,4.0,Lago Norte,casa,R$ 500,R$ 2.450,Nosso Lar Porto Seguro Trecho 13,"Casa com 5 quartos e suítes, 331 m² e aceita animais para comprar em Setor de Mansões do Lago Norte, Brasília",https://www.vivareal.com.br/imovel/casa-5-quartos-lago-norte-bairros-brasilia-com-garagem-331m2-venda-RS1495000-id-2885194079/,2026-09-30,4516.616314199396
2820066659,799000.0,266.0,2.0,4.0,4.0,Lago Norte,casa,isento,isento,Rodovia DF-,"Sobrado com 2 dormitórios, 2 suítes e 4 vagas na garagem disponível para compra em Brasília",https://www.vivareal.com.br/imovel/sobrado-2-quartos-lago-norte-bairros-brasilia-com-garagem-266m2-venda-RS799000-id-2820066659/,2026-09-30,3003.7593984962405
2859630563,2398000.0,430.0,4.0,6.0,3.0,Lago Norte,casa,isento,R$ 4.677,SHIN QI 14 Conjunto 4,"Casa com piscina e churrasqueira no condomínio, 4 dormitórios e 2 suítes para comprar em Setor de Habitações Individuais Norte, Brasília",https://www.vivareal.com.br/imovel/casa-4-quartos-lago-norte-bairros-brasilia-com-garagem-430m2-venda-RS2398000-id-2859630563/,2026-09-30,5576.7441860465115
2870857277,2200000.0,343.0,5.0,6.0,4.0,Lago Norte,casa,isento,R$ 4.016,SHIN QI 16,"Casa com quintal e varanda, 5 dormitórios e 3 suítes disponível para compra em Setor de Habitações Individuais Norte, Brasília",https://www.vivareal.com.br/imovel/casa-5-quartos-lago-norte-bairros-brasilia-com-garagem-343m2-venda-RS2200000-id-2870857277/,2026-09-30,6413.99416909621
2757772214,1880000.0,228.0,3.0,4.0,2.0,Lago Norte,casa,isento,isento,SMLN MI Trecho 03,"Casa com piscina no condomínio, 3 suítes e 228 m² disponível para compra em Setor de Mansões do Lago Norte, Brasília",https://www.vivareal.com.br/imovel/casa-3-quartos-lago-norte-bairros-brasilia-com-garagem-228m2-venda-RS1880000-id-2757772214/,2026-09-30,8245.61403508772
2881541352,4180000.0,540.0,5.0,8.0,4.0,Lago Norte,casa,isento,R$ 5.610,SHIN QL 1 Conjunto 6,"Casa com piscina e churrasqueira no condomínio, 5 quartos e 5 suítes para comprar em Setor de Habitações Individuais Norte, Brasília",https://www.vivareal.com.br/imovel/casa-5-quartos-lago-norte-bairros-brasilia-com-garagem-540m2-venda-RS4180000-id-2881541352/,2026-09-30,7740.740740740741
2823957426,1890000.0,364.0,4.0,5.0,5.0,Lago Norte,casa,isento,R$ 3.288,SHIN QI 14 Conjunto 7,"Casa com piscina e churrasqueira no condomínio, 4 dormitórios e 364 m² para comprar em Setor de Habitações Individuais Norte, Brasília",https://www.vivareal.com.br/imovel/casa-4-quartos-lago-norte-bairros-brasilia-com-garagem-364m2-venda-RS1890000-id-2823957426/,2026-09-30,5192.307692307692
2502681777,1530000.0,300.0,4.0,5.0,2.0,Lago Norte,casa,isento,isento,Estrada Parque Paranoá Norte - EMLN ML Trecho,"Casa térrea com aceita animais, 4 dormitórios, 2 suítes e 300 m² para comprar em Brasília",https://www.vivareal.com.br/imovel/casa-4-quartos-lago-norte-bairros-brasilia-com-garagem-300m2-venda-RS1530000-id-2502681777/,2026-09-30,5100.0
2891842691,1600000.0,400.0,4.0,5.0,3.0,Lago Norte,casa,isento,isento,SMLN MI Trecho 13,"Casa com piscina no condomínio e quintal, 4 dormitórios e 3 suítes para comprar em Setor de Mansões do Lago Norte, Brasília",https://www.vivareal.com.br/imovel/casa-4-quartos-lago-norte-bairros-brasilia-com-garagem-400m2-venda-RS1600000-id-2891842691/,2026-09-30,4000.0
2896268621,2590000.0,406.0,4.0,8.0,5.0,Lago Norte,casa,isento,R$ 820,SHIN QI 5 Conjunto 9,"Casa para comprar com 406 m², 4 quartos, 8 banheiros, 5 vagas em Setor de Habitações Individuais Norte, Brasília",https://www.vivareal.com.br/imovel/casa-4-quartos-lago-norte-bairros-brasilia-com-garagem-406m2-venda-RS2590000-id-2896268621/,2026-09-30,6379.310344827586
2864020968,3500000.0,600.0,5.0,6.0,2.0,Lago Norte,casa,isento,isento,SHIN QL 13 Conjunto 4,"Casa mobiliada com piscina no condomínio, 5 dormitórios e 4 suítes para comprar em Setor de Habitações Individuais Norte, Brasília",https://www.vivareal.com.br/imovel/casa-5-quartos-lago-norte-bairros-brasilia-com-garagem-600m2-venda-RS3500000-id-2864020968/,2026-09-30,5833.333333333333
2908251913,2250000.0,400.0,4.0,5.0,4.0,Lago Norte,casa,isento,isento,Endereço não informado,"Casa para comprar com 400 m², 4 quartos, 5 banheiros, 4 vagas em Setor de Habitações Individuais Norte, Brasília",https://www.vivareal.com.br/imovel/casa-4-quartos-lago-norte-bairros-brasilia-com-garagem-400m2-venda-RS2250000-id-2908251913/,2026-09-30,5625.0
2878820093,2150000.0,386.0,5.0,5.0,4.0,Lago Norte,casa,R$ 100,isento,SMLN MI Trecho 06,"Casa com piscina e churrasqueira no condomínio, 5 dormitórios e 2 suítes à venda em Setor de Mansões do Lago Norte, Brasília",https://www.vivareal.com.br/imovel/casa-5-quartos-lago-norte-bairros-brasilia-com-garagem-386m2-venda-RS2150000-id-2878820093/,2026-09-30,5569.948186528497
2715732394,3500000.0,600.0,5.0,6.0,5.0,Lago Norte,casa,isento,R$ 4.200,SHIN QI 13,"Casa com piscina no condomínio e quintal, 5 suítes e 600 m² para comprar em Setor de Habitações Individuais Norte, Brasília",https://www.vivareal.com.br/imovel/casa-5-quartos-lago-norte-bairros-brasilia-com-garagem-600m2-venda-RS3500000-id-2715732394/,2026-09-30,5833.333333333333
2881750099,2950000.0,400.0,3.0,2.0,5.0,Lago Norte,casa,isento,isento,SMLN MI Trecho 10,"Casa com piscina e churrasqueira no condomínio, 3 dormitórios e 400 m² para comprar em Setor de Mansões do Lago Norte, Brasília",https://www.vivareal.com.br/imovel/casa-3-quartos-lago-norte-bairros-brasilia-com-garagem-400m2-venda-RS2950000-id-2881750099/,2026-09-30,7375.0
